pack,track,code,grade,level,credential,theme,description,transfer_check
Civic Leadership Legacy : California,The Fellowship ladder: service as a career,PS-1,K–2,Explorer,Public Service Fellow,"Service as a craft, not a slogan","The founding principle taught as practice: public service with roles, crews, evidence and credentials, every course ending before a real audience. — at K–2",Complete one documented act of public service in your city or county and present it to a real audience beyond your classroom.
Civic Leadership Legacy : California,The Fellowship ladder: service as a career,PS-2,3–5,Explorer,Public Service Fellow,"Service as a craft, not a slogan","The founding principle taught as practice: public service with roles, crews, evidence and credentials, every course ending before a real audience. — at 3–5",Complete one documented act of public service in your city or county and present it to a real audience beyond your classroom.
Civic Leadership Legacy : California,The Fellowship ladder: service as a career,PS-3,6–8,Builder,Public Service Fellow,"Service as a craft, not a slogan","The founding principle taught as practice: public service with roles, crews, evidence and credentials, every course ending before a real audience. — at 6–8",Complete one documented act of public service in your city or county and present it to a real audience beyond your classroom.
Civic Leadership Legacy : California,The Fellowship ladder: service as a career,PS-4,9–10,Practitioner,Public Service Fellow,"Service as a craft, not a slogan","The founding principle taught as practice: public service with roles, crews, evidence and credentials, every course ending before a real audience. — at 9–10",Complete one documented act of public service in your city or county and present it to a real audience beyond your classroom.
Civic Leadership Legacy : California,The Fellowship ladder: service as a career,PS-5,11–12,Lead,Public Service Fellow,"Service as a craft, not a slogan","The founding principle taught as practice: public service with roles, crews, evidence and credentials, every course ending before a real audience. — at 11–12",Complete one documented act of public service in your city or county and present it to a real audience beyond your classroom.
Civic Leadership Legacy : California,The Fellowship ladder: service as a career,PS-6,K–2,Explorer,Public Service Fellow,The public servants of your city,"Mapping who serves within reach — the librarian, the transit operator, the caseworker, the inspector — and what each actually does all day. — at K–2",Interview one working public servant about a typical day and present their real duties against what you had assumed.
Civic Leadership Legacy : California,The Fellowship ladder: service as a career,PS-7,3–5,Explorer,Public Service Fellow,The public servants of your city,"Mapping who serves within reach — the librarian, the transit operator, the caseworker, the inspector — and what each actually does all day. — at 3–5",Interview one working public servant about a typical day and present their real duties against what you had assumed.
Civic Leadership Legacy : California,The Fellowship ladder: service as a career,PS-8,6–8,Builder,Public Service Fellow,The public servants of your city,"Mapping who serves within reach — the librarian, the transit operator, the caseworker, the inspector — and what each actually does all day. — at 6–8",Interview one working public servant about a typical day and present their real duties against what you had assumed.
Civic Leadership Legacy : California,The Fellowship ladder: service as a career,PS-9,9–10,Practitioner,Public Service Fellow,The public servants of your city,"Mapping who serves within reach — the librarian, the transit operator, the caseworker, the inspector — and what each actually does all day. — at 9–10",Interview one working public servant about a typical day and present their real duties against what you had assumed.
Civic Leadership Legacy : California,The Fellowship ladder: service as a career,PS-10,11–12,Lead,Public Service Fellow,The public servants of your city,"Mapping who serves within reach — the librarian, the transit operator, the caseworker, the inspector — and what each actually does all day. — at 11–12",Interview one working public servant about a typical day and present their real duties against what you had assumed.
Civic Leadership Legacy : California,The Fellowship ladder: service as a career,PS-11,K–2,Explorer,Public Service Fellow,Who is missing from the room,Inclusion as a design decision: reading any civic room for who is absent and naming the barrier that kept them out. — at K–2,"Observe one real public meeting and report who was present, who was affected but absent, and one barrier that plausibly explains the gap."
Civic Leadership Legacy : California,The Fellowship ladder: service as a career,PS-12,3–5,Explorer,Public Service Fellow,Who is missing from the room,Inclusion as a design decision: reading any civic room for who is absent and naming the barrier that kept them out. — at 3–5,"Observe one real public meeting and report who was present, who was affected but absent, and one barrier that plausibly explains the gap."
Civic Leadership Legacy : California,The Fellowship ladder: service as a career,PS-13,6–8,Builder,Public Service Fellow,Who is missing from the room,Inclusion as a design decision: reading any civic room for who is absent and naming the barrier that kept them out. — at 6–8,"Observe one real public meeting and report who was present, who was affected but absent, and one barrier that plausibly explains the gap."
Civic Leadership Legacy : California,The Fellowship ladder: service as a career,PS-14,9–10,Practitioner,Public Service Fellow,Who is missing from the room,Inclusion as a design decision: reading any civic room for who is absent and naming the barrier that kept them out. — at 9–10,"Observe one real public meeting and report who was present, who was affected but absent, and one barrier that plausibly explains the gap."
Civic Leadership Legacy : California,The Fellowship ladder: service as a career,PS-15,11–12,Lead,Public Service Fellow,Who is missing from the room,Inclusion as a design decision: reading any civic room for who is absent and naming the barrier that kept them out. — at 11–12,"Observe one real public meeting and report who was present, who was affected but absent, and one barrier that plausibly explains the gap."
Civic Leadership Legacy : California,The Fellowship ladder: service as a career,PS-16,K–2,Explorer,Public Service Fellow,The placement inside a real agency,"The Fellowship pattern at every age — shadow days, junior placements and supervised hours inside city halls, libraries and public programs. — at K–2","Complete a placement, shadow day or structured volunteer shift with a real public body, confirmed by a supervisor."
Civic Leadership Legacy : California,The Fellowship ladder: service as a career,PS-17,3–5,Explorer,Public Service Fellow,The placement inside a real agency,"The Fellowship pattern at every age — shadow days, junior placements and supervised hours inside city halls, libraries and public programs. — at 3–5","Complete a placement, shadow day or structured volunteer shift with a real public body, confirmed by a supervisor."
Civic Leadership Legacy : California,The Fellowship ladder: service as a career,PS-18,6–8,Builder,Public Service Fellow,The placement inside a real agency,"The Fellowship pattern at every age — shadow days, junior placements and supervised hours inside city halls, libraries and public programs. — at 6–8","Complete a placement, shadow day or structured volunteer shift with a real public body, confirmed by a supervisor."
Civic Leadership Legacy : California,The Fellowship ladder: service as a career,PS-19,9–10,Practitioner,Public Service Fellow,The placement inside a real agency,"The Fellowship pattern at every age — shadow days, junior placements and supervised hours inside city halls, libraries and public programs. — at 9–10","Complete a placement, shadow day or structured volunteer shift with a real public body, confirmed by a supervisor."
Civic Leadership Legacy : California,The Fellowship ladder: service as a career,PS-20,11–12,Lead,Public Service Fellow,The placement inside a real agency,"The Fellowship pattern at every age — shadow days, junior placements and supervised hours inside city halls, libraries and public programs. — at 11–12","Complete a placement, shadow day or structured volunteer shift with a real public body, confirmed by a supervisor."
Civic Leadership Legacy : California,The Fellowship ladder: service as a career,PS-21,K–2,Explorer,Public Service Fellow,The seminar circle,The weekly cohort habit the Fellowship runs on — field experience brought back to a circle that questions it. — at K–2,"Run or take a speaking role in a seminar circle on a live local issue, presenting field evidence and taking questions."
Civic Leadership Legacy : California,The Fellowship ladder: service as a career,PS-22,3–5,Explorer,Public Service Fellow,The seminar circle,The weekly cohort habit the Fellowship runs on — field experience brought back to a circle that questions it. — at 3–5,"Run or take a speaking role in a seminar circle on a live local issue, presenting field evidence and taking questions."
Civic Leadership Legacy : California,The Fellowship ladder: service as a career,PS-23,6–8,Builder,Public Service Fellow,The seminar circle,The weekly cohort habit the Fellowship runs on — field experience brought back to a circle that questions it. — at 6–8,"Run or take a speaking role in a seminar circle on a live local issue, presenting field evidence and taking questions."
Civic Leadership Legacy : California,The Fellowship ladder: service as a career,PS-24,9–10,Practitioner,Public Service Fellow,The seminar circle,The weekly cohort habit the Fellowship runs on — field experience brought back to a circle that questions it. — at 9–10,"Run or take a speaking role in a seminar circle on a live local issue, presenting field evidence and taking questions."
Civic Leadership Legacy : California,The Fellowship ladder: service as a career,PS-25,11–12,Lead,Public Service Fellow,The seminar circle,The weekly cohort habit the Fellowship runs on — field experience brought back to a circle that questions it. — at 11–12,"Run or take a speaking role in a seminar circle on a live local issue, presenting field evidence and taking questions."
Civic Leadership Legacy : California,The Fellowship ladder: service as a career,PS-26,K–2,Explorer,Public Service Fellow,Mentorship in both directions,"The legacy chain: being mentored by someone ahead and mentoring someone behind, with the leader's-story interview as a core text. — at K–2","Record a leader's-story interview with an experienced public servant, and lead one session passing a skill to a younger learner."
Civic Leadership Legacy : California,The Fellowship ladder: service as a career,PS-27,3–5,Explorer,Public Service Fellow,Mentorship in both directions,"The legacy chain: being mentored by someone ahead and mentoring someone behind, with the leader's-story interview as a core text. — at 3–5","Record a leader's-story interview with an experienced public servant, and lead one session passing a skill to a younger learner."
Civic Leadership Legacy : California,The Fellowship ladder: service as a career,PS-28,6–8,Builder,Public Service Fellow,Mentorship in both directions,"The legacy chain: being mentored by someone ahead and mentoring someone behind, with the leader's-story interview as a core text. — at 6–8","Record a leader's-story interview with an experienced public servant, and lead one session passing a skill to a younger learner."
Civic Leadership Legacy : California,The Fellowship ladder: service as a career,PS-29,9–10,Practitioner,Public Service Fellow,Mentorship in both directions,"The legacy chain: being mentored by someone ahead and mentoring someone behind, with the leader's-story interview as a core text. — at 9–10","Record a leader's-story interview with an experienced public servant, and lead one session passing a skill to a younger learner."
Civic Leadership Legacy : California,The Fellowship ladder: service as a career,PS-30,11–12,Lead,Public Service Fellow,Mentorship in both directions,"The legacy chain: being mentored by someone ahead and mentoring someone behind, with the leader's-story interview as a core text. — at 11–12","Record a leader's-story interview with an experienced public servant, and lead one session passing a skill to a younger learner."
Civic Leadership Legacy : California,The Fellowship ladder: service as a career,PS-31,K–2,Explorer,Public Service Fellow,Pushing past the ceiling,"First-generation pathways and the blocked door as history, law and practice — from segregated Mineola to the Speaker's chair, debate included. — at K–2","Research one Californian who broke a civic ceiling, and identify one barrier data shows still standing in your county, with the numbers."
Civic Leadership Legacy : California,The Fellowship ladder: service as a career,PS-32,3–5,Explorer,Public Service Fellow,Pushing past the ceiling,"First-generation pathways and the blocked door as history, law and practice — from segregated Mineola to the Speaker's chair, debate included. — at 3–5","Research one Californian who broke a civic ceiling, and identify one barrier data shows still standing in your county, with the numbers."
Civic Leadership Legacy : California,The Fellowship ladder: service as a career,PS-33,6–8,Builder,Public Service Fellow,Pushing past the ceiling,"First-generation pathways and the blocked door as history, law and practice — from segregated Mineola to the Speaker's chair, debate included. — at 6–8","Research one Californian who broke a civic ceiling, and identify one barrier data shows still standing in your county, with the numbers."
Civic Leadership Legacy : California,The Fellowship ladder: service as a career,PS-34,9–10,Practitioner,Public Service Fellow,Pushing past the ceiling,"First-generation pathways and the blocked door as history, law and practice — from segregated Mineola to the Speaker's chair, debate included. — at 9–10","Research one Californian who broke a civic ceiling, and identify one barrier data shows still standing in your county, with the numbers."
Civic Leadership Legacy : California,The Fellowship ladder: service as a career,PS-35,11–12,Lead,Public Service Fellow,Pushing past the ceiling,"First-generation pathways and the blocked door as history, law and practice — from segregated Mineola to the Speaker's chair, debate included. — at 11–12","Research one Californian who broke a civic ceiling, and identify one barrier data shows still standing in your county, with the numbers."
Civic Leadership Legacy : California,The Fellowship ladder: service as a career,PS-36,K–2,Explorer,Public Service Fellow,The stipend question,"Why unpaid service filters who serves — stipends, scheduling and the economics of showing up, treated as program design. — at K–2",Cost out four weeks of a real volunteer or placement role and propose the support that would let a working student hold it.
Civic Leadership Legacy : California,The Fellowship ladder: service as a career,PS-37,3–5,Explorer,Public Service Fellow,The stipend question,"Why unpaid service filters who serves — stipends, scheduling and the economics of showing up, treated as program design. — at 3–5",Cost out four weeks of a real volunteer or placement role and propose the support that would let a working student hold it.
Civic Leadership Legacy : California,The Fellowship ladder: service as a career,PS-38,6–8,Builder,Public Service Fellow,The stipend question,"Why unpaid service filters who serves — stipends, scheduling and the economics of showing up, treated as program design. — at 6–8",Cost out four weeks of a real volunteer or placement role and propose the support that would let a working student hold it.
Civic Leadership Legacy : California,The Fellowship ladder: service as a career,PS-39,9–10,Practitioner,Public Service Fellow,The stipend question,"Why unpaid service filters who serves — stipends, scheduling and the economics of showing up, treated as program design. — at 9–10",Cost out four weeks of a real volunteer or placement role and propose the support that would let a working student hold it.
Civic Leadership Legacy : California,The Fellowship ladder: service as a career,PS-40,11–12,Lead,Public Service Fellow,The stipend question,"Why unpaid service filters who serves — stipends, scheduling and the economics of showing up, treated as program design. — at 11–12",Cost out four weeks of a real volunteer or placement role and propose the support that would let a working student hold it.
Civic Leadership Legacy : California,The Fellowship ladder: service as a career,PS-41,K–2,Explorer,Public Service Fellow,The record you build,"The service ledger — hours, artifacts, references, credentials — as a portfolio that opens doors. — at K–2",Assemble your own service ledger to date in a form a scholarship or employer could verify.
Civic Leadership Legacy : California,The Fellowship ladder: service as a career,PS-42,3–5,Explorer,Public Service Fellow,The record you build,"The service ledger — hours, artifacts, references, credentials — as a portfolio that opens doors. — at 3–5",Assemble your own service ledger to date in a form a scholarship or employer could verify.
Civic Leadership Legacy : California,The Fellowship ladder: service as a career,PS-43,6–8,Builder,Public Service Fellow,The record you build,"The service ledger — hours, artifacts, references, credentials — as a portfolio that opens doors. — at 6–8",Assemble your own service ledger to date in a form a scholarship or employer could verify.
Civic Leadership Legacy : California,The Fellowship ladder: service as a career,PS-44,9–10,Practitioner,Public Service Fellow,The record you build,"The service ledger — hours, artifacts, references, credentials — as a portfolio that opens doors. — at 9–10",Assemble your own service ledger to date in a form a scholarship or employer could verify.
Civic Leadership Legacy : California,The Fellowship ladder: service as a career,PS-45,11–12,Lead,Public Service Fellow,The record you build,"The service ledger — hours, artifacts, references, credentials — as a portfolio that opens doors. — at 11–12",Assemble your own service ledger to date in a form a scholarship or employer could verify.
Civic Leadership Legacy : California,The Fellowship ladder: service as a career,PS-46,K–2,Explorer,Public Service Fellow,The on-ramp: from classroom to Fellowship,"The grade-12 pathway toward public-affairs study and programs like the SF State Fellowship — requirements, timing, and the first application. — at K–2","Map three real next-step routes into California public service — requirements, deadlines, first application step completed or drafted."
Civic Leadership Legacy : California,The Fellowship ladder: service as a career,PS-47,3–5,Explorer,Public Service Fellow,The on-ramp: from classroom to Fellowship,"The grade-12 pathway toward public-affairs study and programs like the SF State Fellowship — requirements, timing, and the first application. — at 3–5","Map three real next-step routes into California public service — requirements, deadlines, first application step completed or drafted."
Civic Leadership Legacy : California,The Fellowship ladder: service as a career,PS-48,6–8,Builder,Public Service Fellow,The on-ramp: from classroom to Fellowship,"The grade-12 pathway toward public-affairs study and programs like the SF State Fellowship — requirements, timing, and the first application. — at 6–8","Map three real next-step routes into California public service — requirements, deadlines, first application step completed or drafted."
Civic Leadership Legacy : California,The Fellowship ladder: service as a career,PS-49,9–10,Practitioner,Public Service Fellow,The on-ramp: from classroom to Fellowship,"The grade-12 pathway toward public-affairs study and programs like the SF State Fellowship — requirements, timing, and the first application. — at 9–10","Map three real next-step routes into California public service — requirements, deadlines, first application step completed or drafted."
Civic Leadership Legacy : California,The Fellowship ladder: service as a career,PS-50,11–12,Lead,Public Service Fellow,The on-ramp: from classroom to Fellowship,"The grade-12 pathway toward public-affairs study and programs like the SF State Fellowship — requirements, timing, and the first application. — at 11–12","Map three real next-step routes into California public service — requirements, deadlines, first application step completed or drafted."
Civic Leadership Legacy : California,The county and the city: government closest to the door,CG-1,K–2,Explorer,Local Government Navigator,"Fifty-eight counties, hundreds of cities","California's local layers — county, city, special district, school district — and which one governs the block you live on. — at K–2","Produce the one-page profile of your own county and city — population, governing bodies, three services each actually runs — from official sources."
Civic Leadership Legacy : California,The county and the city: government closest to the door,CG-2,3–5,Explorer,Local Government Navigator,"Fifty-eight counties, hundreds of cities","California's local layers — county, city, special district, school district — and which one governs the block you live on. — at 3–5","Produce the one-page profile of your own county and city — population, governing bodies, three services each actually runs — from official sources."
Civic Leadership Legacy : California,The county and the city: government closest to the door,CG-3,6–8,Builder,Local Government Navigator,"Fifty-eight counties, hundreds of cities","California's local layers — county, city, special district, school district — and which one governs the block you live on. — at 6–8","Produce the one-page profile of your own county and city — population, governing bodies, three services each actually runs — from official sources."
Civic Leadership Legacy : California,The county and the city: government closest to the door,CG-4,9–10,Practitioner,Local Government Navigator,"Fifty-eight counties, hundreds of cities","California's local layers — county, city, special district, school district — and which one governs the block you live on. — at 9–10","Produce the one-page profile of your own county and city — population, governing bodies, three services each actually runs — from official sources."
Civic Leadership Legacy : California,The county and the city: government closest to the door,CG-5,11–12,Lead,Local Government Navigator,"Fifty-eight counties, hundreds of cities","California's local layers — county, city, special district, school district — and which one governs the block you live on. — at 11–12","Produce the one-page profile of your own county and city — population, governing bodies, three services each actually runs — from official sources."
Civic Leadership Legacy : California,The county and the city: government closest to the door,CG-6,K–2,Explorer,Local Government Navigator,Supervisors and councils,"The county board of supervisors and the city council — what each decides, and finding the member whose district holds your address. — at K–2",Identify your actual supervisor and councilmember by district lookup and summarise one recent vote each has cast.
Civic Leadership Legacy : California,The county and the city: government closest to the door,CG-7,3–5,Explorer,Local Government Navigator,Supervisors and councils,"The county board of supervisors and the city council — what each decides, and finding the member whose district holds your address. — at 3–5",Identify your actual supervisor and councilmember by district lookup and summarise one recent vote each has cast.
Civic Leadership Legacy : California,The county and the city: government closest to the door,CG-8,6–8,Builder,Local Government Navigator,Supervisors and councils,"The county board of supervisors and the city council — what each decides, and finding the member whose district holds your address. — at 6–8",Identify your actual supervisor and councilmember by district lookup and summarise one recent vote each has cast.
Civic Leadership Legacy : California,The county and the city: government closest to the door,CG-9,9–10,Practitioner,Local Government Navigator,Supervisors and councils,"The county board of supervisors and the city council — what each decides, and finding the member whose district holds your address. — at 9–10",Identify your actual supervisor and councilmember by district lookup and summarise one recent vote each has cast.
Civic Leadership Legacy : California,The county and the city: government closest to the door,CG-10,11–12,Lead,Local Government Navigator,Supervisors and councils,"The county board of supervisors and the city council — what each decides, and finding the member whose district holds your address. — at 11–12",Identify your actual supervisor and councilmember by district lookup and summarise one recent vote each has cast.
Civic Leadership Legacy : California,The county and the city: government closest to the door,CG-11,K–2,Explorer,Local Government Navigator,The general plan and the zoning map,"How California cities decide what gets built — the general plan, zoning, and the housing-element fights that fill every chamber. — at K–2",Find your parcel's zoning on the real map and explain what could and could not lawfully be built there.
Civic Leadership Legacy : California,The county and the city: government closest to the door,CG-12,3–5,Explorer,Local Government Navigator,The general plan and the zoning map,"How California cities decide what gets built — the general plan, zoning, and the housing-element fights that fill every chamber. — at 3–5",Find your parcel's zoning on the real map and explain what could and could not lawfully be built there.
Civic Leadership Legacy : California,The county and the city: government closest to the door,CG-13,6–8,Builder,Local Government Navigator,The general plan and the zoning map,"How California cities decide what gets built — the general plan, zoning, and the housing-element fights that fill every chamber. — at 6–8",Find your parcel's zoning on the real map and explain what could and could not lawfully be built there.
Civic Leadership Legacy : California,The county and the city: government closest to the door,CG-14,9–10,Practitioner,Local Government Navigator,The general plan and the zoning map,"How California cities decide what gets built — the general plan, zoning, and the housing-element fights that fill every chamber. — at 9–10",Find your parcel's zoning on the real map and explain what could and could not lawfully be built there.
Civic Leadership Legacy : California,The county and the city: government closest to the door,CG-15,11–12,Lead,Local Government Navigator,The general plan and the zoning map,"How California cities decide what gets built — the general plan, zoning, and the housing-element fights that fill every chamber. — at 11–12",Find your parcel's zoning on the real map and explain what could and could not lawfully be built there.
Civic Leadership Legacy : California,The county and the city: government closest to the door,CG-16,K–2,Explorer,Local Government Navigator,The school board and the schoolhouse,"School districts as the education government — boards, superintendents, budgets, and the meeting where your school's fate is set. — at K–2","Attend or watch one real school board meeting and report one decision, who voted how, and who it affects."
Civic Leadership Legacy : California,The county and the city: government closest to the door,CG-17,3–5,Explorer,Local Government Navigator,The school board and the schoolhouse,"School districts as the education government — boards, superintendents, budgets, and the meeting where your school's fate is set. — at 3–5","Attend or watch one real school board meeting and report one decision, who voted how, and who it affects."
Civic Leadership Legacy : California,The county and the city: government closest to the door,CG-18,6–8,Builder,Local Government Navigator,The school board and the schoolhouse,"School districts as the education government — boards, superintendents, budgets, and the meeting where your school's fate is set. — at 6–8","Attend or watch one real school board meeting and report one decision, who voted how, and who it affects."
Civic Leadership Legacy : California,The county and the city: government closest to the door,CG-19,9–10,Practitioner,Local Government Navigator,The school board and the schoolhouse,"School districts as the education government — boards, superintendents, budgets, and the meeting where your school's fate is set. — at 9–10","Attend or watch one real school board meeting and report one decision, who voted how, and who it affects."
Civic Leadership Legacy : California,The county and the city: government closest to the door,CG-20,11–12,Lead,Local Government Navigator,The school board and the schoolhouse,"School districts as the education government — boards, superintendents, budgets, and the meeting where your school's fate is set. — at 11–12","Attend or watch one real school board meeting and report one decision, who voted how, and who it affects."
Civic Leadership Legacy : California,The county and the city: government closest to the door,CG-21,K–2,Explorer,Local Government Navigator,Special districts and the water under everything,"Water, transit, fire and utility districts — the boards that tax and decide, largely unwatched, in the state where water is politics. — at K–2","Identify three special districts covering your own address, and for one find its board, budget and next public meeting."
Civic Leadership Legacy : California,The county and the city: government closest to the door,CG-22,3–5,Explorer,Local Government Navigator,Special districts and the water under everything,"Water, transit, fire and utility districts — the boards that tax and decide, largely unwatched, in the state where water is politics. — at 3–5","Identify three special districts covering your own address, and for one find its board, budget and next public meeting."
Civic Leadership Legacy : California,The county and the city: government closest to the door,CG-23,6–8,Builder,Local Government Navigator,Special districts and the water under everything,"Water, transit, fire and utility districts — the boards that tax and decide, largely unwatched, in the state where water is politics. — at 6–8","Identify three special districts covering your own address, and for one find its board, budget and next public meeting."
Civic Leadership Legacy : California,The county and the city: government closest to the door,CG-24,9–10,Practitioner,Local Government Navigator,Special districts and the water under everything,"Water, transit, fire and utility districts — the boards that tax and decide, largely unwatched, in the state where water is politics. — at 9–10","Identify three special districts covering your own address, and for one find its board, budget and next public meeting."
Civic Leadership Legacy : California,The county and the city: government closest to the door,CG-25,11–12,Lead,Local Government Navigator,Special districts and the water under everything,"Water, transit, fire and utility districts — the boards that tax and decide, largely unwatched, in the state where water is politics. — at 11–12","Identify three special districts covering your own address, and for one find its board, budget and next public meeting."
Civic Leadership Legacy : California,The county and the city: government closest to the door,CG-26,K–2,Explorer,Local Government Navigator,"The county budget, followed to the sidewalk","Where county and city money comes from — property tax under Proposition 13, sales tax, fees — and following one line to a visible outcome. — at K–2","From your county's actual budget, trace one revenue source to one service and check that service's condition where you live."
Civic Leadership Legacy : California,The county and the city: government closest to the door,CG-27,3–5,Explorer,Local Government Navigator,"The county budget, followed to the sidewalk","Where county and city money comes from — property tax under Proposition 13, sales tax, fees — and following one line to a visible outcome. — at 3–5","From your county's actual budget, trace one revenue source to one service and check that service's condition where you live."
Civic Leadership Legacy : California,The county and the city: government closest to the door,CG-28,6–8,Builder,Local Government Navigator,"The county budget, followed to the sidewalk","Where county and city money comes from — property tax under Proposition 13, sales tax, fees — and following one line to a visible outcome. — at 6–8","From your county's actual budget, trace one revenue source to one service and check that service's condition where you live."
Civic Leadership Legacy : California,The county and the city: government closest to the door,CG-29,9–10,Practitioner,Local Government Navigator,"The county budget, followed to the sidewalk","Where county and city money comes from — property tax under Proposition 13, sales tax, fees — and following one line to a visible outcome. — at 9–10","From your county's actual budget, trace one revenue source to one service and check that service's condition where you live."
Civic Leadership Legacy : California,The county and the city: government closest to the door,CG-30,11–12,Lead,Local Government Navigator,"The county budget, followed to the sidewalk","Where county and city money comes from — property tax under Proposition 13, sales tax, fees — and following one line to a visible outcome. — at 11–12","From your county's actual budget, trace one revenue source to one service and check that service's condition where you live."
Civic Leadership Legacy : California,The county and the city: government closest to the door,CG-31,K–2,Explorer,Local Government Navigator,"The permit, the complaint, the record","The resident's three transactions — asking permission, reporting a problem, requesting a record under the Public Records Act — done correctly. — at K–2","Complete one real local-government transaction (permit lookup, 311 request, or public-records request) and document the outcome."
Civic Leadership Legacy : California,The county and the city: government closest to the door,CG-32,3–5,Explorer,Local Government Navigator,"The permit, the complaint, the record","The resident's three transactions — asking permission, reporting a problem, requesting a record under the Public Records Act — done correctly. — at 3–5","Complete one real local-government transaction (permit lookup, 311 request, or public-records request) and document the outcome."
Civic Leadership Legacy : California,The county and the city: government closest to the door,CG-33,6–8,Builder,Local Government Navigator,"The permit, the complaint, the record","The resident's three transactions — asking permission, reporting a problem, requesting a record under the Public Records Act — done correctly. — at 6–8","Complete one real local-government transaction (permit lookup, 311 request, or public-records request) and document the outcome."
Civic Leadership Legacy : California,The county and the city: government closest to the door,CG-34,9–10,Practitioner,Local Government Navigator,"The permit, the complaint, the record","The resident's three transactions — asking permission, reporting a problem, requesting a record under the Public Records Act — done correctly. — at 9–10","Complete one real local-government transaction (permit lookup, 311 request, or public-records request) and document the outcome."
Civic Leadership Legacy : California,The county and the city: government closest to the door,CG-35,11–12,Lead,Local Government Navigator,"The permit, the complaint, the record","The resident's three transactions — asking permission, reporting a problem, requesting a record under the Public Records Act — done correctly. — at 11–12","Complete one real local-government transaction (permit lookup, 311 request, or public-records request) and document the outcome."
Civic Leadership Legacy : California,The county and the city: government closest to the door,CG-36,K–2,Explorer,Local Government Navigator,Public comment that gets heard,"The Brown Act's open meetings, the speaker card, the two minutes — putting a comment on the record so it moves someone. — at K–2","Deliver (or fully rehearse to the real rules) a public comment to a local body on a live agenda item, structured for the record."
Civic Leadership Legacy : California,The county and the city: government closest to the door,CG-37,3–5,Explorer,Local Government Navigator,Public comment that gets heard,"The Brown Act's open meetings, the speaker card, the two minutes — putting a comment on the record so it moves someone. — at 3–5","Deliver (or fully rehearse to the real rules) a public comment to a local body on a live agenda item, structured for the record."
Civic Leadership Legacy : California,The county and the city: government closest to the door,CG-38,6–8,Builder,Local Government Navigator,Public comment that gets heard,"The Brown Act's open meetings, the speaker card, the two minutes — putting a comment on the record so it moves someone. — at 6–8","Deliver (or fully rehearse to the real rules) a public comment to a local body on a live agenda item, structured for the record."
Civic Leadership Legacy : California,The county and the city: government closest to the door,CG-39,9–10,Practitioner,Local Government Navigator,Public comment that gets heard,"The Brown Act's open meetings, the speaker card, the two minutes — putting a comment on the record so it moves someone. — at 9–10","Deliver (or fully rehearse to the real rules) a public comment to a local body on a live agenda item, structured for the record."
Civic Leadership Legacy : California,The county and the city: government closest to the door,CG-40,11–12,Lead,Local Government Navigator,Public comment that gets heard,"The Brown Act's open meetings, the speaker card, the two minutes — putting a comment on the record so it moves someone. — at 11–12","Deliver (or fully rehearse to the real rules) a public comment to a local body on a live agenda item, structured for the record."
Civic Leadership Legacy : California,The county and the city: government closest to the door,CG-41,K–2,Explorer,Local Government Navigator,City and county: who does what,"The services that switch at the city limit — and the consolidated exception of San Francisco, city and county in one. — at K–2","For your own address, produce the who-fixes-what card: five common problems each matched to the correct government and office."
Civic Leadership Legacy : California,The county and the city: government closest to the door,CG-42,3–5,Explorer,Local Government Navigator,City and county: who does what,"The services that switch at the city limit — and the consolidated exception of San Francisco, city and county in one. — at 3–5","For your own address, produce the who-fixes-what card: five common problems each matched to the correct government and office."
Civic Leadership Legacy : California,The county and the city: government closest to the door,CG-43,6–8,Builder,Local Government Navigator,City and county: who does what,"The services that switch at the city limit — and the consolidated exception of San Francisco, city and county in one. — at 6–8","For your own address, produce the who-fixes-what card: five common problems each matched to the correct government and office."
Civic Leadership Legacy : California,The county and the city: government closest to the door,CG-44,9–10,Practitioner,Local Government Navigator,City and county: who does what,"The services that switch at the city limit — and the consolidated exception of San Francisco, city and county in one. — at 9–10","For your own address, produce the who-fixes-what card: five common problems each matched to the correct government and office."
Civic Leadership Legacy : California,The county and the city: government closest to the door,CG-45,11–12,Lead,Local Government Navigator,City and county: who does what,"The services that switch at the city limit — and the consolidated exception of San Francisco, city and county in one. — at 11–12","For your own address, produce the who-fixes-what card: five common problems each matched to the correct government and office."
Civic Leadership Legacy : California,The county and the city: government closest to the door,CG-46,K–2,Explorer,Local Government Navigator,When local government fails you,"Escalation above the local — grand juries, state oversight, the courts and the press — the accountability ladder. — at K–2","Take one real or case-study local failure and map its escalation ladder in order, drafting the first escalation document."
Civic Leadership Legacy : California,The county and the city: government closest to the door,CG-47,3–5,Explorer,Local Government Navigator,When local government fails you,"Escalation above the local — grand juries, state oversight, the courts and the press — the accountability ladder. — at 3–5","Take one real or case-study local failure and map its escalation ladder in order, drafting the first escalation document."
Civic Leadership Legacy : California,The county and the city: government closest to the door,CG-48,6–8,Builder,Local Government Navigator,When local government fails you,"Escalation above the local — grand juries, state oversight, the courts and the press — the accountability ladder. — at 6–8","Take one real or case-study local failure and map its escalation ladder in order, drafting the first escalation document."
Civic Leadership Legacy : California,The county and the city: government closest to the door,CG-49,9–10,Practitioner,Local Government Navigator,When local government fails you,"Escalation above the local — grand juries, state oversight, the courts and the press — the accountability ladder. — at 9–10","Take one real or case-study local failure and map its escalation ladder in order, drafting the first escalation document."
Civic Leadership Legacy : California,The county and the city: government closest to the door,CG-50,11–12,Lead,Local Government Navigator,When local government fails you,"Escalation above the local — grand juries, state oversight, the courts and the press — the accountability ladder. — at 11–12","Take one real or case-study local failure and map its escalation ladder in order, drafting the first escalation document."
Civic Leadership Legacy : California,Sacramento: the Legislature and the law,LG-1,K–2,Explorer,Capitol Navigator,The capitol and the two chambers,"The Assembly and Senate, districts and leadership — including the Speaker's chair and what four decades there can build. — at K–2",Identify your actual Assembly member and state Senator by district lookup and summarise one bill each has authored recently.
Civic Leadership Legacy : California,Sacramento: the Legislature and the law,LG-2,3–5,Explorer,Capitol Navigator,The capitol and the two chambers,"The Assembly and Senate, districts and leadership — including the Speaker's chair and what four decades there can build. — at 3–5",Identify your actual Assembly member and state Senator by district lookup and summarise one bill each has authored recently.
Civic Leadership Legacy : California,Sacramento: the Legislature and the law,LG-3,6–8,Builder,Capitol Navigator,The capitol and the two chambers,"The Assembly and Senate, districts and leadership — including the Speaker's chair and what four decades there can build. — at 6–8",Identify your actual Assembly member and state Senator by district lookup and summarise one bill each has authored recently.
Civic Leadership Legacy : California,Sacramento: the Legislature and the law,LG-4,9–10,Practitioner,Capitol Navigator,The capitol and the two chambers,"The Assembly and Senate, districts and leadership — including the Speaker's chair and what four decades there can build. — at 9–10",Identify your actual Assembly member and state Senator by district lookup and summarise one bill each has authored recently.
Civic Leadership Legacy : California,Sacramento: the Legislature and the law,LG-5,11–12,Lead,Capitol Navigator,The capitol and the two chambers,"The Assembly and Senate, districts and leadership — including the Speaker's chair and what four decades there can build. — at 11–12",Identify your actual Assembly member and state Senator by district lookup and summarise one bill each has authored recently.
Civic Leadership Legacy : California,Sacramento: the Legislature and the law,LG-6,K–2,Explorer,Capitol Navigator,The session and its deadlines,"California's two-year session rhythm — introduction deadlines, house-of-origin deadlines, the August crush — and why timing decides outcomes. — at K–2",Find the current session's actual calendar and explain which deadlines a new idea introduced today would face.
Civic Leadership Legacy : California,Sacramento: the Legislature and the law,LG-7,3–5,Explorer,Capitol Navigator,The session and its deadlines,"California's two-year session rhythm — introduction deadlines, house-of-origin deadlines, the August crush — and why timing decides outcomes. — at 3–5",Find the current session's actual calendar and explain which deadlines a new idea introduced today would face.
Civic Leadership Legacy : California,Sacramento: the Legislature and the law,LG-8,6–8,Builder,Capitol Navigator,The session and its deadlines,"California's two-year session rhythm — introduction deadlines, house-of-origin deadlines, the August crush — and why timing decides outcomes. — at 6–8",Find the current session's actual calendar and explain which deadlines a new idea introduced today would face.
Civic Leadership Legacy : California,Sacramento: the Legislature and the law,LG-9,9–10,Practitioner,Capitol Navigator,The session and its deadlines,"California's two-year session rhythm — introduction deadlines, house-of-origin deadlines, the August crush — and why timing decides outcomes. — at 9–10",Find the current session's actual calendar and explain which deadlines a new idea introduced today would face.
Civic Leadership Legacy : California,Sacramento: the Legislature and the law,LG-10,11–12,Lead,Capitol Navigator,The session and its deadlines,"California's two-year session rhythm — introduction deadlines, house-of-origin deadlines, the August crush — and why timing decides outcomes. — at 11–12",Find the current session's actual calendar and explain which deadlines a new idea introduced today would face.
Civic Leadership Legacy : California,Sacramento: the Legislature and the law,LG-11,K–2,Explorer,Capitol Navigator,A bill's actual journey,"Filing, policy committee, appropriations, floor, the other house, the Governor's desk — following one real bill, including where bills die quietly. — at K–2",Track one real bill through each stage on the Legislature's own site and state where it stalled or how it became law.
Civic Leadership Legacy : California,Sacramento: the Legislature and the law,LG-12,3–5,Explorer,Capitol Navigator,A bill's actual journey,"Filing, policy committee, appropriations, floor, the other house, the Governor's desk — following one real bill, including where bills die quietly. — at 3–5",Track one real bill through each stage on the Legislature's own site and state where it stalled or how it became law.
Civic Leadership Legacy : California,Sacramento: the Legislature and the law,LG-13,6–8,Builder,Capitol Navigator,A bill's actual journey,"Filing, policy committee, appropriations, floor, the other house, the Governor's desk — following one real bill, including where bills die quietly. — at 6–8",Track one real bill through each stage on the Legislature's own site and state where it stalled or how it became law.
Civic Leadership Legacy : California,Sacramento: the Legislature and the law,LG-14,9–10,Practitioner,Capitol Navigator,A bill's actual journey,"Filing, policy committee, appropriations, floor, the other house, the Governor's desk — following one real bill, including where bills die quietly. — at 9–10",Track one real bill through each stage on the Legislature's own site and state where it stalled or how it became law.
Civic Leadership Legacy : California,Sacramento: the Legislature and the law,LG-15,11–12,Lead,Capitol Navigator,A bill's actual journey,"Filing, policy committee, appropriations, floor, the other house, the Governor's desk — following one real bill, including where bills die quietly. — at 11–12",Track one real bill through each stage on the Legislature's own site and state where it stalled or how it became law.
Civic Leadership Legacy : California,Sacramento: the Legislature and the law,LG-16,K–2,Explorer,Capitol Navigator,The committee room is the real floor,"Testimony, amendment and the suspense file — where bills actually live and die, and the citizen's seat at the microphone. — at K–2","Watch one real committee hearing (live or archived) and report the arguments, amendments and vote as the record shows."
Civic Leadership Legacy : California,Sacramento: the Legislature and the law,LG-17,3–5,Explorer,Capitol Navigator,The committee room is the real floor,"Testimony, amendment and the suspense file — where bills actually live and die, and the citizen's seat at the microphone. — at 3–5","Watch one real committee hearing (live or archived) and report the arguments, amendments and vote as the record shows."
Civic Leadership Legacy : California,Sacramento: the Legislature and the law,LG-18,6–8,Builder,Capitol Navigator,The committee room is the real floor,"Testimony, amendment and the suspense file — where bills actually live and die, and the citizen's seat at the microphone. — at 6–8","Watch one real committee hearing (live or archived) and report the arguments, amendments and vote as the record shows."
Civic Leadership Legacy : California,Sacramento: the Legislature and the law,LG-19,9–10,Practitioner,Capitol Navigator,The committee room is the real floor,"Testimony, amendment and the suspense file — where bills actually live and die, and the citizen's seat at the microphone. — at 9–10","Watch one real committee hearing (live or archived) and report the arguments, amendments and vote as the record shows."
Civic Leadership Legacy : California,Sacramento: the Legislature and the law,LG-20,11–12,Lead,Capitol Navigator,The committee room is the real floor,"Testimony, amendment and the suspense file — where bills actually live and die, and the citizen's seat at the microphone. — at 11–12","Watch one real committee hearing (live or archived) and report the arguments, amendments and vote as the record shows."
Civic Leadership Legacy : California,Sacramento: the Legislature and the law,LG-21,K–2,Explorer,Capitol Navigator,The budget: the biggest bill of all,"The May Revise, the budget act and the trailer bills — how the state's money is actually decided and who watches it. — at K–2","From official budget documents, chart the state's five largest spending areas and follow one down to a program in your county."
Civic Leadership Legacy : California,Sacramento: the Legislature and the law,LG-22,3–5,Explorer,Capitol Navigator,The budget: the biggest bill of all,"The May Revise, the budget act and the trailer bills — how the state's money is actually decided and who watches it. — at 3–5","From official budget documents, chart the state's five largest spending areas and follow one down to a program in your county."
Civic Leadership Legacy : California,Sacramento: the Legislature and the law,LG-23,6–8,Builder,Capitol Navigator,The budget: the biggest bill of all,"The May Revise, the budget act and the trailer bills — how the state's money is actually decided and who watches it. — at 6–8","From official budget documents, chart the state's five largest spending areas and follow one down to a program in your county."
Civic Leadership Legacy : California,Sacramento: the Legislature and the law,LG-24,9–10,Practitioner,Capitol Navigator,The budget: the biggest bill of all,"The May Revise, the budget act and the trailer bills — how the state's money is actually decided and who watches it. — at 9–10","From official budget documents, chart the state's five largest spending areas and follow one down to a program in your county."
Civic Leadership Legacy : California,Sacramento: the Legislature and the law,LG-25,11–12,Lead,Capitol Navigator,The budget: the biggest bill of all,"The May Revise, the budget act and the trailer bills — how the state's money is actually decided and who watches it. — at 11–12","From official budget documents, chart the state's five largest spending areas and follow one down to a program in your county."
Civic Leadership Legacy : California,Sacramento: the Legislature and the law,LG-26,K–2,Explorer,Capitol Navigator,"Speaker, caucus and the art of counting","How a chamber is actually run — leadership, caucuses and counting votes before the vote, the craft the Speaker's era made famous. — at K–2","For one real close vote, reconstruct the coalition: who moved, what they traded, and how the count was made."
Civic Leadership Legacy : California,Sacramento: the Legislature and the law,LG-27,3–5,Explorer,Capitol Navigator,"Speaker, caucus and the art of counting","How a chamber is actually run — leadership, caucuses and counting votes before the vote, the craft the Speaker's era made famous. — at 3–5","For one real close vote, reconstruct the coalition: who moved, what they traded, and how the count was made."
Civic Leadership Legacy : California,Sacramento: the Legislature and the law,LG-28,6–8,Builder,Capitol Navigator,"Speaker, caucus and the art of counting","How a chamber is actually run — leadership, caucuses and counting votes before the vote, the craft the Speaker's era made famous. — at 6–8","For one real close vote, reconstruct the coalition: who moved, what they traded, and how the count was made."
Civic Leadership Legacy : California,Sacramento: the Legislature and the law,LG-29,9–10,Practitioner,Capitol Navigator,"Speaker, caucus and the art of counting","How a chamber is actually run — leadership, caucuses and counting votes before the vote, the craft the Speaker's era made famous. — at 9–10","For one real close vote, reconstruct the coalition: who moved, what they traded, and how the count was made."
Civic Leadership Legacy : California,Sacramento: the Legislature and the law,LG-30,11–12,Lead,Capitol Navigator,"Speaker, caucus and the art of counting","How a chamber is actually run — leadership, caucuses and counting votes before the vote, the craft the Speaker's era made famous. — at 11–12","For one real close vote, reconstruct the coalition: who moved, what they traded, and how the count was made."
Civic Leadership Legacy : California,Sacramento: the Legislature and the law,LG-31,K–2,Explorer,Capitol Navigator,The agencies that carry out the words,"Departments, boards and the administrative code — how a passed law becomes a rule, a form and an inspector. — at K–2","Pick one state rule that touches your life, find it in the code of regulations, and trace it to the statute that authorised it."
Civic Leadership Legacy : California,Sacramento: the Legislature and the law,LG-32,3–5,Explorer,Capitol Navigator,The agencies that carry out the words,"Departments, boards and the administrative code — how a passed law becomes a rule, a form and an inspector. — at 3–5","Pick one state rule that touches your life, find it in the code of regulations, and trace it to the statute that authorised it."
Civic Leadership Legacy : California,Sacramento: the Legislature and the law,LG-33,6–8,Builder,Capitol Navigator,The agencies that carry out the words,"Departments, boards and the administrative code — how a passed law becomes a rule, a form and an inspector. — at 6–8","Pick one state rule that touches your life, find it in the code of regulations, and trace it to the statute that authorised it."
Civic Leadership Legacy : California,Sacramento: the Legislature and the law,LG-34,9–10,Practitioner,Capitol Navigator,The agencies that carry out the words,"Departments, boards and the administrative code — how a passed law becomes a rule, a form and an inspector. — at 9–10","Pick one state rule that touches your life, find it in the code of regulations, and trace it to the statute that authorised it."
Civic Leadership Legacy : California,Sacramento: the Legislature and the law,LG-35,11–12,Lead,Capitol Navigator,The agencies that carry out the words,"Departments, boards and the administrative code — how a passed law becomes a rule, a form and an inspector. — at 11–12","Pick one state rule that touches your life, find it in the code of regulations, and trace it to the statute that authorised it."
Civic Leadership Legacy : California,Sacramento: the Legislature and the law,LG-36,K–2,Explorer,Capitol Navigator,Testifying and the citizen's bill,"The routes from resident to lawmaking — contacting members, testifying, and the idea that becomes a filed bill. — at K–2",Draft a one-page bill proposal on a real local problem and deliver it (or rehearsed testimony for it) in proper form.
Civic Leadership Legacy : California,Sacramento: the Legislature and the law,LG-37,3–5,Explorer,Capitol Navigator,Testifying and the citizen's bill,"The routes from resident to lawmaking — contacting members, testifying, and the idea that becomes a filed bill. — at 3–5",Draft a one-page bill proposal on a real local problem and deliver it (or rehearsed testimony for it) in proper form.
Civic Leadership Legacy : California,Sacramento: the Legislature and the law,LG-38,6–8,Builder,Capitol Navigator,Testifying and the citizen's bill,"The routes from resident to lawmaking — contacting members, testifying, and the idea that becomes a filed bill. — at 6–8",Draft a one-page bill proposal on a real local problem and deliver it (or rehearsed testimony for it) in proper form.
Civic Leadership Legacy : California,Sacramento: the Legislature and the law,LG-39,9–10,Practitioner,Capitol Navigator,Testifying and the citizen's bill,"The routes from resident to lawmaking — contacting members, testifying, and the idea that becomes a filed bill. — at 9–10",Draft a one-page bill proposal on a real local problem and deliver it (or rehearsed testimony for it) in proper form.
Civic Leadership Legacy : California,Sacramento: the Legislature and the law,LG-40,11–12,Lead,Capitol Navigator,Testifying and the citizen's bill,"The routes from resident to lawmaking — contacting members, testifying, and the idea that becomes a filed bill. — at 11–12",Draft a one-page bill proposal on a real local problem and deliver it (or rehearsed testimony for it) in proper form.
Civic Leadership Legacy : California,Sacramento: the Legislature and the law,LG-41,K–2,Explorer,Capitol Navigator,The courts above the county,"Superior courts, courts of appeal and the Supreme Court — how an ordinary case climbs, and how judges reach the bench. — at K–2","Map one real California case's path from filing to final ruling, naming each court correctly."
Civic Leadership Legacy : California,Sacramento: the Legislature and the law,LG-42,3–5,Explorer,Capitol Navigator,The courts above the county,"Superior courts, courts of appeal and the Supreme Court — how an ordinary case climbs, and how judges reach the bench. — at 3–5","Map one real California case's path from filing to final ruling, naming each court correctly."
Civic Leadership Legacy : California,Sacramento: the Legislature and the law,LG-43,6–8,Builder,Capitol Navigator,The courts above the county,"Superior courts, courts of appeal and the Supreme Court — how an ordinary case climbs, and how judges reach the bench. — at 6–8","Map one real California case's path from filing to final ruling, naming each court correctly."
Civic Leadership Legacy : California,Sacramento: the Legislature and the law,LG-44,9–10,Practitioner,Capitol Navigator,The courts above the county,"Superior courts, courts of appeal and the Supreme Court — how an ordinary case climbs, and how judges reach the bench. — at 9–10","Map one real California case's path from filing to final ruling, naming each court correctly."
Civic Leadership Legacy : California,Sacramento: the Legislature and the law,LG-45,11–12,Lead,Capitol Navigator,The courts above the county,"Superior courts, courts of appeal and the Supreme Court — how an ordinary case climbs, and how judges reach the bench. — at 11–12","Map one real California case's path from filing to final ruling, naming each court correctly."
Civic Leadership Legacy : California,Sacramento: the Legislature and the law,LG-46,K–2,Explorer,Capitol Navigator,Working across the aisle and the decades,"Governing across administrations and parties — consensus that tolerates opposing ideas, taught from the record. — at K–2","Take one real bipartisan Californian achievement, identify what each side conceded and gained, and present the deal's anatomy."
Civic Leadership Legacy : California,Sacramento: the Legislature and the law,LG-47,3–5,Explorer,Capitol Navigator,Working across the aisle and the decades,"Governing across administrations and parties — consensus that tolerates opposing ideas, taught from the record. — at 3–5","Take one real bipartisan Californian achievement, identify what each side conceded and gained, and present the deal's anatomy."
Civic Leadership Legacy : California,Sacramento: the Legislature and the law,LG-48,6–8,Builder,Capitol Navigator,Working across the aisle and the decades,"Governing across administrations and parties — consensus that tolerates opposing ideas, taught from the record. — at 6–8","Take one real bipartisan Californian achievement, identify what each side conceded and gained, and present the deal's anatomy."
Civic Leadership Legacy : California,Sacramento: the Legislature and the law,LG-49,9–10,Practitioner,Capitol Navigator,Working across the aisle and the decades,"Governing across administrations and parties — consensus that tolerates opposing ideas, taught from the record. — at 9–10","Take one real bipartisan Californian achievement, identify what each side conceded and gained, and present the deal's anatomy."
Civic Leadership Legacy : California,Sacramento: the Legislature and the law,LG-50,11–12,Lead,Capitol Navigator,Working across the aisle and the decades,"Governing across administrations and parties — consensus that tolerates opposing ideas, taught from the record. — at 11–12","Take one real bipartisan Californian achievement, identify what each side conceded and gained, and present the deal's anatomy."
Civic Leadership Legacy : California,"Elections, initiatives and the direct voice",EV-1,K–2,Explorer,Election Steward,Registering and staying registered,"Who may vote in California, same-day registration, and the habit of checking your own record. — at K–2",Verify a real registration (yours or a consenting adult's) through the state's official portal and correct any detail found wrong.
Civic Leadership Legacy : California,"Elections, initiatives and the direct voice",EV-2,3–5,Explorer,Election Steward,Registering and staying registered,"Who may vote in California, same-day registration, and the habit of checking your own record. — at 3–5",Verify a real registration (yours or a consenting adult's) through the state's official portal and correct any detail found wrong.
Civic Leadership Legacy : California,"Elections, initiatives and the direct voice",EV-3,6–8,Builder,Election Steward,Registering and staying registered,"Who may vote in California, same-day registration, and the habit of checking your own record. — at 6–8",Verify a real registration (yours or a consenting adult's) through the state's official portal and correct any detail found wrong.
Civic Leadership Legacy : California,"Elections, initiatives and the direct voice",EV-4,9–10,Practitioner,Election Steward,Registering and staying registered,"Who may vote in California, same-day registration, and the habit of checking your own record. — at 9–10",Verify a real registration (yours or a consenting adult's) through the state's official portal and correct any detail found wrong.
Civic Leadership Legacy : California,"Elections, initiatives and the direct voice",EV-5,11–12,Lead,Election Steward,Registering and staying registered,"Who may vote in California, same-day registration, and the habit of checking your own record. — at 11–12",Verify a real registration (yours or a consenting adult's) through the state's official portal and correct any detail found wrong.
Civic Leadership Legacy : California,"Elections, initiatives and the direct voice",EV-6,K–2,Explorer,Election Steward,The top-two primary,"California's top-two system — every candidate on one ballot, two advance — and what it changes about strategy and choice. — at K–2","For two offices on a real ballot, explain the rules that currently govern each, citing the Secretary of State's guidance."
Civic Leadership Legacy : California,"Elections, initiatives and the direct voice",EV-7,3–5,Explorer,Election Steward,The top-two primary,"California's top-two system — every candidate on one ballot, two advance — and what it changes about strategy and choice. — at 3–5","For two offices on a real ballot, explain the rules that currently govern each, citing the Secretary of State's guidance."
Civic Leadership Legacy : California,"Elections, initiatives and the direct voice",EV-8,6–8,Builder,Election Steward,The top-two primary,"California's top-two system — every candidate on one ballot, two advance — and what it changes about strategy and choice. — at 6–8","For two offices on a real ballot, explain the rules that currently govern each, citing the Secretary of State's guidance."
Civic Leadership Legacy : California,"Elections, initiatives and the direct voice",EV-9,9–10,Practitioner,Election Steward,The top-two primary,"California's top-two system — every candidate on one ballot, two advance — and what it changes about strategy and choice. — at 9–10","For two offices on a real ballot, explain the rules that currently govern each, citing the Secretary of State's guidance."
Civic Leadership Legacy : California,"Elections, initiatives and the direct voice",EV-10,11–12,Lead,Election Steward,The top-two primary,"California's top-two system — every candidate on one ballot, two advance — and what it changes about strategy and choice. — at 11–12","For two offices on a real ballot, explain the rules that currently govern each, citing the Secretary of State's guidance."
Civic Leadership Legacy : California,"Elections, initiatives and the direct voice",EV-11,K–2,Explorer,Election Steward,The initiative: writing law at the ballot box,"Direct democracy — initiative, referendum and recall — the signature thresholds, the money behind measures, and reading a proposition honestly. — at K–2","Take one real past or pending proposition, translate its ballot language into plain words, and present the strongest case each way with its funders named."
Civic Leadership Legacy : California,"Elections, initiatives and the direct voice",EV-12,3–5,Explorer,Election Steward,The initiative: writing law at the ballot box,"Direct democracy — initiative, referendum and recall — the signature thresholds, the money behind measures, and reading a proposition honestly. — at 3–5","Take one real past or pending proposition, translate its ballot language into plain words, and present the strongest case each way with its funders named."
Civic Leadership Legacy : California,"Elections, initiatives and the direct voice",EV-13,6–8,Builder,Election Steward,The initiative: writing law at the ballot box,"Direct democracy — initiative, referendum and recall — the signature thresholds, the money behind measures, and reading a proposition honestly. — at 6–8","Take one real past or pending proposition, translate its ballot language into plain words, and present the strongest case each way with its funders named."
Civic Leadership Legacy : California,"Elections, initiatives and the direct voice",EV-14,9–10,Practitioner,Election Steward,The initiative: writing law at the ballot box,"Direct democracy — initiative, referendum and recall — the signature thresholds, the money behind measures, and reading a proposition honestly. — at 9–10","Take one real past or pending proposition, translate its ballot language into plain words, and present the strongest case each way with its funders named."
Civic Leadership Legacy : California,"Elections, initiatives and the direct voice",EV-15,11–12,Lead,Election Steward,The initiative: writing law at the ballot box,"Direct democracy — initiative, referendum and recall — the signature thresholds, the money behind measures, and reading a proposition honestly. — at 11–12","Take one real past or pending proposition, translate its ballot language into plain words, and present the strongest case each way with its funders named."
Civic Leadership Legacy : California,"Elections, initiatives and the direct voice",EV-16,K–2,Explorer,Election Steward,The ballot below the headlines,"Judges, school boards, special-district seats and local measures — the down-ballot lines that move your money and your block. — at K–2",Obtain your actual sample ballot for a real election and produce a plain-language guide for every line below the top race.
Civic Leadership Legacy : California,"Elections, initiatives and the direct voice",EV-17,3–5,Explorer,Election Steward,The ballot below the headlines,"Judges, school boards, special-district seats and local measures — the down-ballot lines that move your money and your block. — at 3–5",Obtain your actual sample ballot for a real election and produce a plain-language guide for every line below the top race.
Civic Leadership Legacy : California,"Elections, initiatives and the direct voice",EV-18,6–8,Builder,Election Steward,The ballot below the headlines,"Judges, school boards, special-district seats and local measures — the down-ballot lines that move your money and your block. — at 6–8",Obtain your actual sample ballot for a real election and produce a plain-language guide for every line below the top race.
Civic Leadership Legacy : California,"Elections, initiatives and the direct voice",EV-19,9–10,Practitioner,Election Steward,The ballot below the headlines,"Judges, school boards, special-district seats and local measures — the down-ballot lines that move your money and your block. — at 9–10",Obtain your actual sample ballot for a real election and produce a plain-language guide for every line below the top race.
Civic Leadership Legacy : California,"Elections, initiatives and the direct voice",EV-20,11–12,Lead,Election Steward,The ballot below the headlines,"Judges, school boards, special-district seats and local measures — the down-ballot lines that move your money and your block. — at 11–12",Obtain your actual sample ballot for a real election and produce a plain-language guide for every line below the top race.
Civic Leadership Legacy : California,"Elections, initiatives and the direct voice",EV-21,K–2,Explorer,Election Steward,"Voting by mail, early and in person","Universal mail ballots, drop boxes, vote centers and curing a rejected signature — the mechanics of actually being counted. — at K–2","Build the complete voting plan for two different real voters — one straightforward, one facing a barrier such as mobility, language or absence."
Civic Leadership Legacy : California,"Elections, initiatives and the direct voice",EV-22,3–5,Explorer,Election Steward,"Voting by mail, early and in person","Universal mail ballots, drop boxes, vote centers and curing a rejected signature — the mechanics of actually being counted. — at 3–5","Build the complete voting plan for two different real voters — one straightforward, one facing a barrier such as mobility, language or absence."
Civic Leadership Legacy : California,"Elections, initiatives and the direct voice",EV-23,6–8,Builder,Election Steward,"Voting by mail, early and in person","Universal mail ballots, drop boxes, vote centers and curing a rejected signature — the mechanics of actually being counted. — at 6–8","Build the complete voting plan for two different real voters — one straightforward, one facing a barrier such as mobility, language or absence."
Civic Leadership Legacy : California,"Elections, initiatives and the direct voice",EV-24,9–10,Practitioner,Election Steward,"Voting by mail, early and in person","Universal mail ballots, drop boxes, vote centers and curing a rejected signature — the mechanics of actually being counted. — at 9–10","Build the complete voting plan for two different real voters — one straightforward, one facing a barrier such as mobility, language or absence."
Civic Leadership Legacy : California,"Elections, initiatives and the direct voice",EV-25,11–12,Lead,Election Steward,"Voting by mail, early and in person","Universal mail ballots, drop boxes, vote centers and curing a rejected signature — the mechanics of actually being counted. — at 11–12","Build the complete voting plan for two different real voters — one straightforward, one facing a barrier such as mobility, language or absence."
Civic Leadership Legacy : California,"Elections, initiatives and the direct voice",EV-26,K–2,Explorer,Election Steward,Working the election,"Poll workers, observers and the county elections office — the trained neighbours who run the machinery, and how to join them. — at K–2",Find your county's actual requirements and application to serve as an election worker and submit or fully prepare it.
Civic Leadership Legacy : California,"Elections, initiatives and the direct voice",EV-27,3–5,Explorer,Election Steward,Working the election,"Poll workers, observers and the county elections office — the trained neighbours who run the machinery, and how to join them. — at 3–5",Find your county's actual requirements and application to serve as an election worker and submit or fully prepare it.
Civic Leadership Legacy : California,"Elections, initiatives and the direct voice",EV-28,6–8,Builder,Election Steward,Working the election,"Poll workers, observers and the county elections office — the trained neighbours who run the machinery, and how to join them. — at 6–8",Find your county's actual requirements and application to serve as an election worker and submit or fully prepare it.
Civic Leadership Legacy : California,"Elections, initiatives and the direct voice",EV-29,9–10,Practitioner,Election Steward,Working the election,"Poll workers, observers and the county elections office — the trained neighbours who run the machinery, and how to join them. — at 9–10",Find your county's actual requirements and application to serve as an election worker and submit or fully prepare it.
Civic Leadership Legacy : California,"Elections, initiatives and the direct voice",EV-30,11–12,Lead,Election Steward,Working the election,"Poll workers, observers and the county elections office — the trained neighbours who run the machinery, and how to join them. — at 11–12",Find your county's actual requirements and application to serve as an election worker and submit or fully prepare it.
Civic Leadership Legacy : California,"Elections, initiatives and the direct voice",EV-31,K–2,Explorer,Election Steward,Money in the open,Campaign finance disclosure and the FPPC — following the money in one real race or measure through the public filings. — at K–2,"Pull the actual campaign finance filings for one recent race or measure and report its top contributors and spending, with sources."
Civic Leadership Legacy : California,"Elections, initiatives and the direct voice",EV-32,3–5,Explorer,Election Steward,Money in the open,Campaign finance disclosure and the FPPC — following the money in one real race or measure through the public filings. — at 3–5,"Pull the actual campaign finance filings for one recent race or measure and report its top contributors and spending, with sources."
Civic Leadership Legacy : California,"Elections, initiatives and the direct voice",EV-33,6–8,Builder,Election Steward,Money in the open,Campaign finance disclosure and the FPPC — following the money in one real race or measure through the public filings. — at 6–8,"Pull the actual campaign finance filings for one recent race or measure and report its top contributors and spending, with sources."
Civic Leadership Legacy : California,"Elections, initiatives and the direct voice",EV-34,9–10,Practitioner,Election Steward,Money in the open,Campaign finance disclosure and the FPPC — following the money in one real race or measure through the public filings. — at 9–10,"Pull the actual campaign finance filings for one recent race or measure and report its top contributors and spending, with sources."
Civic Leadership Legacy : California,"Elections, initiatives and the direct voice",EV-35,11–12,Lead,Election Steward,Money in the open,Campaign finance disclosure and the FPPC — following the money in one real race or measure through the public filings. — at 11–12,"Pull the actual campaign finance filings for one recent race or measure and report its top contributors and spending, with sources."
Civic Leadership Legacy : California,"Elections, initiatives and the direct voice",EV-36,K–2,Explorer,Election Steward,The organized ask,"Coalitions, petitions and the packed chamber — moving an issue between elections, counting votes before the vote. — at K–2","Organize or fully plan an issue campaign for one concrete local change: the decision-maker, the coalition map, the count you need."
Civic Leadership Legacy : California,"Elections, initiatives and the direct voice",EV-37,3–5,Explorer,Election Steward,The organized ask,"Coalitions, petitions and the packed chamber — moving an issue between elections, counting votes before the vote. — at 3–5","Organize or fully plan an issue campaign for one concrete local change: the decision-maker, the coalition map, the count you need."
Civic Leadership Legacy : California,"Elections, initiatives and the direct voice",EV-38,6–8,Builder,Election Steward,The organized ask,"Coalitions, petitions and the packed chamber — moving an issue between elections, counting votes before the vote. — at 6–8","Organize or fully plan an issue campaign for one concrete local change: the decision-maker, the coalition map, the count you need."
Civic Leadership Legacy : California,"Elections, initiatives and the direct voice",EV-39,9–10,Practitioner,Election Steward,The organized ask,"Coalitions, petitions and the packed chamber — moving an issue between elections, counting votes before the vote. — at 9–10","Organize or fully plan an issue campaign for one concrete local change: the decision-maker, the coalition map, the count you need."
Civic Leadership Legacy : California,"Elections, initiatives and the direct voice",EV-40,11–12,Lead,Election Steward,The organized ask,"Coalitions, petitions and the packed chamber — moving an issue between elections, counting votes before the vote. — at 11–12","Organize or fully plan an issue campaign for one concrete local change: the decision-maker, the coalition map, the count you need."
Civic Leadership Legacy : California,"Elections, initiatives and the direct voice",EV-41,K–2,Explorer,Election Steward,Rumor season,"Election misinformation in California's channels — the claims that recur, and the official sources that settle them. — at K–2",Fact-check three circulating election claims against the Secretary of State and county officials' records and publish the corrected version.
Civic Leadership Legacy : California,"Elections, initiatives and the direct voice",EV-42,3–5,Explorer,Election Steward,Rumor season,"Election misinformation in California's channels — the claims that recur, and the official sources that settle them. — at 3–5",Fact-check three circulating election claims against the Secretary of State and county officials' records and publish the corrected version.
Civic Leadership Legacy : California,"Elections, initiatives and the direct voice",EV-43,6–8,Builder,Election Steward,Rumor season,"Election misinformation in California's channels — the claims that recur, and the official sources that settle them. — at 6–8",Fact-check three circulating election claims against the Secretary of State and county officials' records and publish the corrected version.
Civic Leadership Legacy : California,"Elections, initiatives and the direct voice",EV-44,9–10,Practitioner,Election Steward,Rumor season,"Election misinformation in California's channels — the claims that recur, and the official sources that settle them. — at 9–10",Fact-check three circulating election claims against the Secretary of State and county officials' records and publish the corrected version.
Civic Leadership Legacy : California,"Elections, initiatives and the direct voice",EV-45,11–12,Lead,Election Steward,Rumor season,"Election misinformation in California's channels — the claims that recur, and the official sources that settle them. — at 11–12",Fact-check three circulating election claims against the Secretary of State and county officials' records and publish the corrected version.
Civic Leadership Legacy : California,"Elections, initiatives and the direct voice",EV-46,K–2,Explorer,Election Steward,After the count,"Canvass, the thirty-day certification, recounts and challenges — how results become final and what a citizen can lawfully question. — at K–2","Trace one real California race or measure from election night to certification, naming each step and any challenge lodged."
Civic Leadership Legacy : California,"Elections, initiatives and the direct voice",EV-47,3–5,Explorer,Election Steward,After the count,"Canvass, the thirty-day certification, recounts and challenges — how results become final and what a citizen can lawfully question. — at 3–5","Trace one real California race or measure from election night to certification, naming each step and any challenge lodged."
Civic Leadership Legacy : California,"Elections, initiatives and the direct voice",EV-48,6–8,Builder,Election Steward,After the count,"Canvass, the thirty-day certification, recounts and challenges — how results become final and what a citizen can lawfully question. — at 6–8","Trace one real California race or measure from election night to certification, naming each step and any challenge lodged."
Civic Leadership Legacy : California,"Elections, initiatives and the direct voice",EV-49,9–10,Practitioner,Election Steward,After the count,"Canvass, the thirty-day certification, recounts and challenges — how results become final and what a citizen can lawfully question. — at 9–10","Trace one real California race or measure from election night to certification, naming each step and any challenge lodged."
Civic Leadership Legacy : California,"Elections, initiatives and the direct voice",EV-50,11–12,Lead,Election Steward,After the count,"Canvass, the thirty-day certification, recounts and challenges — how results become final and what a citizen can lawfully question. — at 11–12","Trace one real California race or measure from election night to certification, naming each step and any challenge lodged."
Civic Leadership Legacy : California,"Fire, water and the fault line",FW-1,K–2,Explorer,Resilience Civics Lead,A state built on faults and watersheds,"California's geography as its permanent civic agenda — quake, fire, drought and flood, and the institutions each has built. — at K–2","Map the hazards that shape your own county — fault zones, fire severity zones, flood maps — from official sources."
Civic Leadership Legacy : California,"Fire, water and the fault line",FW-2,3–5,Explorer,Resilience Civics Lead,A state built on faults and watersheds,"California's geography as its permanent civic agenda — quake, fire, drought and flood, and the institutions each has built. — at 3–5","Map the hazards that shape your own county — fault zones, fire severity zones, flood maps — from official sources."
Civic Leadership Legacy : California,"Fire, water and the fault line",FW-3,6–8,Builder,Resilience Civics Lead,A state built on faults and watersheds,"California's geography as its permanent civic agenda — quake, fire, drought and flood, and the institutions each has built. — at 6–8","Map the hazards that shape your own county — fault zones, fire severity zones, flood maps — from official sources."
Civic Leadership Legacy : California,"Fire, water and the fault line",FW-4,9–10,Practitioner,Resilience Civics Lead,A state built on faults and watersheds,"California's geography as its permanent civic agenda — quake, fire, drought and flood, and the institutions each has built. — at 9–10","Map the hazards that shape your own county — fault zones, fire severity zones, flood maps — from official sources."
Civic Leadership Legacy : California,"Fire, water and the fault line",FW-5,11–12,Lead,Resilience Civics Lead,A state built on faults and watersheds,"California's geography as its permanent civic agenda — quake, fire, drought and flood, and the institutions each has built. — at 11–12","Map the hazards that shape your own county — fault zones, fire severity zones, flood maps — from official sources."
Civic Leadership Legacy : California,"Fire, water and the fault line",FW-6,K–2,Explorer,Resilience Civics Lead,The fire season that got longer,"Wildfire as governance — defensible space law, red-flag warnings, utility shutoffs, and the evacuation decided before smoke. — at K–2","Assess a real or case-study property's wildfire exposure, specify its defensible-space actions, and write its trigger-based leave plan."
Civic Leadership Legacy : California,"Fire, water and the fault line",FW-7,3–5,Explorer,Resilience Civics Lead,The fire season that got longer,"Wildfire as governance — defensible space law, red-flag warnings, utility shutoffs, and the evacuation decided before smoke. — at 3–5","Assess a real or case-study property's wildfire exposure, specify its defensible-space actions, and write its trigger-based leave plan."
Civic Leadership Legacy : California,"Fire, water and the fault line",FW-8,6–8,Builder,Resilience Civics Lead,The fire season that got longer,"Wildfire as governance — defensible space law, red-flag warnings, utility shutoffs, and the evacuation decided before smoke. — at 6–8","Assess a real or case-study property's wildfire exposure, specify its defensible-space actions, and write its trigger-based leave plan."
Civic Leadership Legacy : California,"Fire, water and the fault line",FW-9,9–10,Practitioner,Resilience Civics Lead,The fire season that got longer,"Wildfire as governance — defensible space law, red-flag warnings, utility shutoffs, and the evacuation decided before smoke. — at 9–10","Assess a real or case-study property's wildfire exposure, specify its defensible-space actions, and write its trigger-based leave plan."
Civic Leadership Legacy : California,"Fire, water and the fault line",FW-10,11–12,Lead,Resilience Civics Lead,The fire season that got longer,"Wildfire as governance — defensible space law, red-flag warnings, utility shutoffs, and the evacuation decided before smoke. — at 11–12","Assess a real or case-study property's wildfire exposure, specify its defensible-space actions, and write its trigger-based leave plan."
Civic Leadership Legacy : California,"Fire, water and the fault line",FW-11,K–2,Explorer,Resilience Civics Lead,The earthquake everyone expects,"Building codes, retrofits, early-warning systems and the drill — living on the fault line as civic practice. — at K–2","Run the full drop-cover-hold drill in two rooms, then complete the post-shake checklist — gas, structure, exits — in order."
Civic Leadership Legacy : California,"Fire, water and the fault line",FW-12,3–5,Explorer,Resilience Civics Lead,The earthquake everyone expects,"Building codes, retrofits, early-warning systems and the drill — living on the fault line as civic practice. — at 3–5","Run the full drop-cover-hold drill in two rooms, then complete the post-shake checklist — gas, structure, exits — in order."
Civic Leadership Legacy : California,"Fire, water and the fault line",FW-13,6–8,Builder,Resilience Civics Lead,The earthquake everyone expects,"Building codes, retrofits, early-warning systems and the drill — living on the fault line as civic practice. — at 6–8","Run the full drop-cover-hold drill in two rooms, then complete the post-shake checklist — gas, structure, exits — in order."
Civic Leadership Legacy : California,"Fire, water and the fault line",FW-14,9–10,Practitioner,Resilience Civics Lead,The earthquake everyone expects,"Building codes, retrofits, early-warning systems and the drill — living on the fault line as civic practice. — at 9–10","Run the full drop-cover-hold drill in two rooms, then complete the post-shake checklist — gas, structure, exits — in order."
Civic Leadership Legacy : California,"Fire, water and the fault line",FW-15,11–12,Lead,Resilience Civics Lead,The earthquake everyone expects,"Building codes, retrofits, early-warning systems and the drill — living on the fault line as civic practice. — at 11–12","Run the full drop-cover-hold drill in two rooms, then complete the post-shake checklist — gas, structure, exits — in order."
Civic Leadership Legacy : California,"Fire, water and the fault line",FW-16,K–2,Explorer,Resilience Civics Lead,Water: who gets it and who decides,"The projects, the rights, the districts and the drought rules — the century-long argument that runs the state. — at K–2",Trace your own tap water to its actual sources and name the two decision-making bodies with the most power over it.
Civic Leadership Legacy : California,"Fire, water and the fault line",FW-17,3–5,Explorer,Resilience Civics Lead,Water: who gets it and who decides,"The projects, the rights, the districts and the drought rules — the century-long argument that runs the state. — at 3–5",Trace your own tap water to its actual sources and name the two decision-making bodies with the most power over it.
Civic Leadership Legacy : California,"Fire, water and the fault line",FW-18,6–8,Builder,Resilience Civics Lead,Water: who gets it and who decides,"The projects, the rights, the districts and the drought rules — the century-long argument that runs the state. — at 6–8",Trace your own tap water to its actual sources and name the two decision-making bodies with the most power over it.
Civic Leadership Legacy : California,"Fire, water and the fault line",FW-19,9–10,Practitioner,Resilience Civics Lead,Water: who gets it and who decides,"The projects, the rights, the districts and the drought rules — the century-long argument that runs the state. — at 9–10",Trace your own tap water to its actual sources and name the two decision-making bodies with the most power over it.
Civic Leadership Legacy : California,"Fire, water and the fault line",FW-20,11–12,Lead,Resilience Civics Lead,Water: who gets it and who decides,"The projects, the rights, the districts and the drought rules — the century-long argument that runs the state. — at 11–12",Trace your own tap water to its actual sources and name the two decision-making bodies with the most power over it.
Civic Leadership Legacy : California,"Fire, water and the fault line",FW-21,K–2,Explorer,Resilience Civics Lead,The grid and the shutoff,"Public-safety power shutoffs, the duck curve and the batteries — keeping a household and a block running when the grid blinks. — at K–2","Prepare a real household for a planned outage — essentials, medical needs, neighbours checked — and run a two-hour drill."
Civic Leadership Legacy : California,"Fire, water and the fault line",FW-22,3–5,Explorer,Resilience Civics Lead,The grid and the shutoff,"Public-safety power shutoffs, the duck curve and the batteries — keeping a household and a block running when the grid blinks. — at 3–5","Prepare a real household for a planned outage — essentials, medical needs, neighbours checked — and run a two-hour drill."
Civic Leadership Legacy : California,"Fire, water and the fault line",FW-23,6–8,Builder,Resilience Civics Lead,The grid and the shutoff,"Public-safety power shutoffs, the duck curve and the batteries — keeping a household and a block running when the grid blinks. — at 6–8","Prepare a real household for a planned outage — essentials, medical needs, neighbours checked — and run a two-hour drill."
Civic Leadership Legacy : California,"Fire, water and the fault line",FW-24,9–10,Practitioner,Resilience Civics Lead,The grid and the shutoff,"Public-safety power shutoffs, the duck curve and the batteries — keeping a household and a block running when the grid blinks. — at 9–10","Prepare a real household for a planned outage — essentials, medical needs, neighbours checked — and run a two-hour drill."
Civic Leadership Legacy : California,"Fire, water and the fault line",FW-25,11–12,Lead,Resilience Civics Lead,The grid and the shutoff,"Public-safety power shutoffs, the duck curve and the batteries — keeping a household and a block running when the grid blinks. — at 11–12","Prepare a real household for a planned outage — essentials, medical needs, neighbours checked — and run a two-hour drill."
Civic Leadership Legacy : California,"Fire, water and the fault line",FW-26,K–2,Explorer,Resilience Civics Lead,Housing and the ground it stands on,"The housing shortage as civic machinery — RHNA numbers, the housing element, and the hearing where units are won or lost. — at K–2","Attend or watch one real housing hearing, and report the project, the arguments on each side and the outcome."
Civic Leadership Legacy : California,"Fire, water and the fault line",FW-27,3–5,Explorer,Resilience Civics Lead,Housing and the ground it stands on,"The housing shortage as civic machinery — RHNA numbers, the housing element, and the hearing where units are won or lost. — at 3–5","Attend or watch one real housing hearing, and report the project, the arguments on each side and the outcome."
Civic Leadership Legacy : California,"Fire, water and the fault line",FW-28,6–8,Builder,Resilience Civics Lead,Housing and the ground it stands on,"The housing shortage as civic machinery — RHNA numbers, the housing element, and the hearing where units are won or lost. — at 6–8","Attend or watch one real housing hearing, and report the project, the arguments on each side and the outcome."
Civic Leadership Legacy : California,"Fire, water and the fault line",FW-29,9–10,Practitioner,Resilience Civics Lead,Housing and the ground it stands on,"The housing shortage as civic machinery — RHNA numbers, the housing element, and the hearing where units are won or lost. — at 9–10","Attend or watch one real housing hearing, and report the project, the arguments on each side and the outcome."
Civic Leadership Legacy : California,"Fire, water and the fault line",FW-30,11–12,Lead,Resilience Civics Lead,Housing and the ground it stands on,"The housing shortage as civic machinery — RHNA numbers, the housing element, and the hearing where units are won or lost. — at 11–12","Attend or watch one real housing hearing, and report the project, the arguments on each side and the outcome."
Civic Leadership Legacy : California,"Fire, water and the fault line",FW-31,K–2,Explorer,Resilience Civics Lead,The coast and the king tide,"Sea-level rise on a 840-mile coast — the commissions, the managed-retreat argument, and the neighbourhoods already deciding. — at K–2","For one real coastal community, summarise its current adaptation plan and the hardest trade-off inside it."
Civic Leadership Legacy : California,"Fire, water and the fault line",FW-32,3–5,Explorer,Resilience Civics Lead,The coast and the king tide,"Sea-level rise on a 840-mile coast — the commissions, the managed-retreat argument, and the neighbourhoods already deciding. — at 3–5","For one real coastal community, summarise its current adaptation plan and the hardest trade-off inside it."
Civic Leadership Legacy : California,"Fire, water and the fault line",FW-33,6–8,Builder,Resilience Civics Lead,The coast and the king tide,"Sea-level rise on a 840-mile coast — the commissions, the managed-retreat argument, and the neighbourhoods already deciding. — at 6–8","For one real coastal community, summarise its current adaptation plan and the hardest trade-off inside it."
Civic Leadership Legacy : California,"Fire, water and the fault line",FW-34,9–10,Practitioner,Resilience Civics Lead,The coast and the king tide,"Sea-level rise on a 840-mile coast — the commissions, the managed-retreat argument, and the neighbourhoods already deciding. — at 9–10","For one real coastal community, summarise its current adaptation plan and the hardest trade-off inside it."
Civic Leadership Legacy : California,"Fire, water and the fault line",FW-35,11–12,Lead,Resilience Civics Lead,The coast and the king tide,"Sea-level rise on a 840-mile coast — the commissions, the managed-retreat argument, and the neighbourhoods already deciding. — at 11–12","For one real coastal community, summarise its current adaptation plan and the hardest trade-off inside it."
Civic Leadership Legacy : California,"Fire, water and the fault line",FW-36,K–2,Explorer,Resilience Civics Lead,Mutual aid: the neighbour system,"CERT teams, community fire brigades and the block-level networks that carry the first seventy-two hours. — at K–2","Complete or map enrolment in one recognised local response group, and build the (consented) support map for one street."
Civic Leadership Legacy : California,"Fire, water and the fault line",FW-37,3–5,Explorer,Resilience Civics Lead,Mutual aid: the neighbour system,"CERT teams, community fire brigades and the block-level networks that carry the first seventy-two hours. — at 3–5","Complete or map enrolment in one recognised local response group, and build the (consented) support map for one street."
Civic Leadership Legacy : California,"Fire, water and the fault line",FW-38,6–8,Builder,Resilience Civics Lead,Mutual aid: the neighbour system,"CERT teams, community fire brigades and the block-level networks that carry the first seventy-two hours. — at 6–8","Complete or map enrolment in one recognised local response group, and build the (consented) support map for one street."
Civic Leadership Legacy : California,"Fire, water and the fault line",FW-39,9–10,Practitioner,Resilience Civics Lead,Mutual aid: the neighbour system,"CERT teams, community fire brigades and the block-level networks that carry the first seventy-two hours. — at 9–10","Complete or map enrolment in one recognised local response group, and build the (consented) support map for one street."
Civic Leadership Legacy : California,"Fire, water and the fault line",FW-40,11–12,Lead,Resilience Civics Lead,Mutual aid: the neighbour system,"CERT teams, community fire brigades and the block-level networks that carry the first seventy-two hours. — at 11–12","Complete or map enrolment in one recognised local response group, and build the (consented) support map for one street."
Civic Leadership Legacy : California,"Fire, water and the fault line",FW-41,K–2,Explorer,Resilience Civics Lead,Recovery and who gets rebuilt,"After the fire or quake — insurance, the FAIR plan, rebuilding permits, and why the same event lands unequally. — at K–2","From one documented California disaster, chart the recovery programs and identify, with evidence, one group the paperwork left behind."
Civic Leadership Legacy : California,"Fire, water and the fault line",FW-42,3–5,Explorer,Resilience Civics Lead,Recovery and who gets rebuilt,"After the fire or quake — insurance, the FAIR plan, rebuilding permits, and why the same event lands unequally. — at 3–5","From one documented California disaster, chart the recovery programs and identify, with evidence, one group the paperwork left behind."
Civic Leadership Legacy : California,"Fire, water and the fault line",FW-43,6–8,Builder,Resilience Civics Lead,Recovery and who gets rebuilt,"After the fire or quake — insurance, the FAIR plan, rebuilding permits, and why the same event lands unequally. — at 6–8","From one documented California disaster, chart the recovery programs and identify, with evidence, one group the paperwork left behind."
Civic Leadership Legacy : California,"Fire, water and the fault line",FW-44,9–10,Practitioner,Resilience Civics Lead,Recovery and who gets rebuilt,"After the fire or quake — insurance, the FAIR plan, rebuilding permits, and why the same event lands unequally. — at 9–10","From one documented California disaster, chart the recovery programs and identify, with evidence, one group the paperwork left behind."
Civic Leadership Legacy : California,"Fire, water and the fault line",FW-45,11–12,Lead,Resilience Civics Lead,Recovery and who gets rebuilt,"After the fire or quake — insurance, the FAIR plan, rebuilding permits, and why the same event lands unequally. — at 11–12","From one documented California disaster, chart the recovery programs and identify, with evidence, one group the paperwork left behind."
Civic Leadership Legacy : California,"Fire, water and the fault line",FW-46,K–2,Explorer,Resilience Civics Lead,Leading through the long emergency,"The capstone: civic leadership where fire, water and ground are all in motion — weighing protection, retreat and cost with real neighbours in the room. — at K–2","Run or present a structured deliberation on one real local resilience decision — options, trade-offs, affected voices — and deliver the recommendation you would defend in public."
Civic Leadership Legacy : California,"Fire, water and the fault line",FW-47,3–5,Explorer,Resilience Civics Lead,Leading through the long emergency,"The capstone: civic leadership where fire, water and ground are all in motion — weighing protection, retreat and cost with real neighbours in the room. — at 3–5","Run or present a structured deliberation on one real local resilience decision — options, trade-offs, affected voices — and deliver the recommendation you would defend in public."
Civic Leadership Legacy : California,"Fire, water and the fault line",FW-48,6–8,Builder,Resilience Civics Lead,Leading through the long emergency,"The capstone: civic leadership where fire, water and ground are all in motion — weighing protection, retreat and cost with real neighbours in the room. — at 6–8","Run or present a structured deliberation on one real local resilience decision — options, trade-offs, affected voices — and deliver the recommendation you would defend in public."
Civic Leadership Legacy : California,"Fire, water and the fault line",FW-49,9–10,Practitioner,Resilience Civics Lead,Leading through the long emergency,"The capstone: civic leadership where fire, water and ground are all in motion — weighing protection, retreat and cost with real neighbours in the room. — at 9–10","Run or present a structured deliberation on one real local resilience decision — options, trade-offs, affected voices — and deliver the recommendation you would defend in public."
Civic Leadership Legacy : California,"Fire, water and the fault line",FW-50,11–12,Lead,Resilience Civics Lead,Leading through the long emergency,"The capstone: civic leadership where fire, water and ground are all in motion — weighing protection, retreat and cost with real neighbours in the room. — at 11–12","Run or present a structured deliberation on one real local resilience decision — options, trade-offs, affected voices — and deliver the recommendation you would defend in public."
