pack,track,code,grade,level,credential,theme,description,transfer_check
Civic Leadership Legacy : Louisiana,Public service as a craft: the Louisiana ladder,PS-1,K–2,Explorer,Parish Service Fellow,"Service is a profession, not a slogan","Do one helpful job for the class or the school — water the garden, tidy the library corner — and tell the class what you did.",Complete one small act of documented public service in your parish and present it to a real audience beyond your classroom or family.
Civic Leadership Legacy : Louisiana,Public service as a craft: the Louisiana ladder,PS-2,3–5,Explorer,Parish Service Fellow,"Service is a profession, not a slogan","Plan and do one small act of service for your school or street, keep a photo or note as evidence, and present it to another class.",Complete one small act of documented public service in your parish and present it to a real audience beyond your classroom or family.
Civic Leadership Legacy : Louisiana,Public service as a craft: the Louisiana ladder,PS-3,6–8,Builder,Parish Service Fellow,"Service is a profession, not a slogan","Complete one documented act of public service in your parish — a cleanup, a food drive shift — and present it to an audience beyond your class.",Complete one small act of documented public service in your parish and present it to a real audience beyond your classroom or family.
Civic Leadership Legacy : Louisiana,Public service as a craft: the Louisiana ladder,PS-4,9–10,Practitioner,Parish Service Fellow,"Service is a profession, not a slogan",Complete one small act of documented public service in your parish and present it to a real audience beyond your classroom or family.,Complete one small act of documented public service in your parish and present it to a real audience beyond your classroom or family.
Civic Leadership Legacy : Louisiana,Public service as a craft: the Louisiana ladder,PS-5,11–12,Lead,Parish Service Fellow,"Service is a profession, not a slogan","Design, lead and document an act of public service with a crew of younger learners, and present it to a parish body or community group.",Complete one small act of documented public service in your parish and present it to a real audience beyond your classroom or family.
Civic Leadership Legacy : Louisiana,Public service as a craft: the Louisiana ladder,PS-6,K–2,Explorer,Parish Service Fellow,The public servants two streets away,"Meet a helper who works for everyone — the librarian, the firefighter, the crossing guard — and draw what they do.",Interview one working public servant in your parish about a typical day and present their actual duties against what you had assumed.
Civic Leadership Legacy : Louisiana,Public service as a craft: the Louisiana ladder,PS-7,3–5,Explorer,Parish Service Fellow,The public servants two streets away,"Visit or write to one public worker in your town, ask what a day is like, and tell the class three things they really do.",Interview one working public servant in your parish about a typical day and present their actual duties against what you had assumed.
Civic Leadership Legacy : Louisiana,Public service as a craft: the Louisiana ladder,PS-8,6–8,Builder,Parish Service Fellow,The public servants two streets away,Interview one working public servant in your parish about a typical day and compare their real duties with what you had assumed.,Interview one working public servant in your parish about a typical day and present their actual duties against what you had assumed.
Civic Leadership Legacy : Louisiana,Public service as a craft: the Louisiana ladder,PS-9,9–10,Practitioner,Parish Service Fellow,The public servants two streets away,Interview one working public servant in your parish about a typical day and present their actual duties against what you had assumed.,Interview one working public servant in your parish about a typical day and present their actual duties against what you had assumed.
Civic Leadership Legacy : Louisiana,Public service as a craft: the Louisiana ladder,PS-10,11–12,Lead,Parish Service Fellow,The public servants two streets away,"Interview two public servants in different offices, compare their days, and write the job-shadow guide a younger learner could use to meet them.",Interview one working public servant in your parish about a typical day and present their actual duties against what you had assumed.
Civic Leadership Legacy : Louisiana,Public service as a craft: the Louisiana ladder,PS-11,K–2,Explorer,Parish Service Fellow,Who is missing from the room,Look around a class meeting and say who did not get a turn to speak.,"Observe one real public meeting and report who was present, who was affected but absent, and one barrier that plausibly explains the gap."
Civic Leadership Legacy : Louisiana,Public service as a craft: the Louisiana ladder,PS-12,3–5,Explorer,Parish Service Fellow,Who is missing from the room,"Watch a school or club meeting and write down who was there, who it was about but not there, and one reason why.","Observe one real public meeting and report who was present, who was affected but absent, and one barrier that plausibly explains the gap."
Civic Leadership Legacy : Louisiana,Public service as a craft: the Louisiana ladder,PS-13,6–8,Builder,Parish Service Fellow,Who is missing from the room,"Observe one real public meeting in person or online and report who was present, who was affected but absent, and one likely barrier.","Observe one real public meeting and report who was present, who was affected but absent, and one barrier that plausibly explains the gap."
Civic Leadership Legacy : Louisiana,Public service as a craft: the Louisiana ladder,PS-14,9–10,Practitioner,Parish Service Fellow,Who is missing from the room,"Observe one real public meeting and report who was present, who was affected but absent, and one barrier that plausibly explains the gap.","Observe one real public meeting and report who was present, who was affected but absent, and one barrier that plausibly explains the gap."
Civic Leadership Legacy : Louisiana,Public service as a craft: the Louisiana ladder,PS-15,11–12,Lead,Parish Service Fellow,Who is missing from the room,"Observe two public meetings, document the absences with evidence, and propose one change to time, place or notice that would close the gap.","Observe one real public meeting and report who was present, who was affected but absent, and one barrier that plausibly explains the gap."
Civic Leadership Legacy : Louisiana,Public service as a craft: the Louisiana ladder,PS-16,K–2,Explorer,Parish Service Fellow,The placement: hands inside a real agency,"Spend a morning helping at the school office or library with an adult, and say what job you did.","Complete a placement, shadow day or structured volunteer shift with a real public body in your parish, with a supervisor's confirmation of what you did."
Civic Leadership Legacy : Louisiana,Public service as a craft: the Louisiana ladder,PS-17,3–5,Explorer,Parish Service Fellow,The placement: hands inside a real agency,"Do a helper shift at the library, the school office or a community centre, with a grown-up's note saying what you did.","Complete a placement, shadow day or structured volunteer shift with a real public body in your parish, with a supervisor's confirmation of what you did."
Civic Leadership Legacy : Louisiana,Public service as a craft: the Louisiana ladder,PS-18,6–8,Builder,Parish Service Fellow,The placement: hands inside a real agency,"Complete a shadow day or a structured volunteer shift with a real public body in your parish, with a supervisor's confirmation.","Complete a placement, shadow day or structured volunteer shift with a real public body in your parish, with a supervisor's confirmation of what you did."
Civic Leadership Legacy : Louisiana,Public service as a craft: the Louisiana ladder,PS-19,9–10,Practitioner,Parish Service Fellow,The placement: hands inside a real agency,"Complete a placement, shadow day or structured volunteer shift with a real public body in your parish, with a supervisor's confirmation of what you did.","Complete a placement, shadow day or structured volunteer shift with a real public body in your parish, with a supervisor's confirmation of what you did."
Civic Leadership Legacy : Louisiana,Public service as a craft: the Louisiana ladder,PS-20,11–12,Lead,Parish Service Fellow,The placement: hands inside a real agency,"Complete a multi-day placement in a parish office or program, keep a daily log, and present what the office actually does to your cohort.","Complete a placement, shadow day or structured volunteer shift with a real public body in your parish, with a supervisor's confirmation of what you did."
Civic Leadership Legacy : Louisiana,Public service as a craft: the Louisiana ladder,PS-21,K–2,Explorer,Parish Service Fellow,The seminar circle,"Sit in a circle and tell the class one thing you saw a helper do this week, then listen to a friend's.","Run or take a speaking role in a seminar circle on a live local issue, presenting field evidence and taking questions on it."
Civic Leadership Legacy : Louisiana,Public service as a craft: the Louisiana ladder,PS-22,3–5,Explorer,Parish Service Fellow,The seminar circle,"Bring one thing you saw in your town to a class circle, say it in two sentences, and answer one question about it.","Run or take a speaking role in a seminar circle on a live local issue, presenting field evidence and taking questions on it."
Civic Leadership Legacy : Louisiana,Public service as a craft: the Louisiana ladder,PS-23,6–8,Builder,Parish Service Fellow,The seminar circle,"Take a speaking role in a seminar circle on a live local issue, presenting one piece of field evidence and taking questions.","Run or take a speaking role in a seminar circle on a live local issue, presenting field evidence and taking questions on it."
Civic Leadership Legacy : Louisiana,Public service as a craft: the Louisiana ladder,PS-24,9–10,Practitioner,Parish Service Fellow,The seminar circle,"Run or take a speaking role in a seminar circle on a live local issue, presenting field evidence and taking questions on it.","Run or take a speaking role in a seminar circle on a live local issue, presenting field evidence and taking questions on it."
Civic Leadership Legacy : Louisiana,Public service as a craft: the Louisiana ladder,PS-25,11–12,Lead,Parish Service Fellow,The seminar circle,"Run the seminar circle for a cohort across a term, set the questions, and keep the record of what the circle decided to go and see.","Run or take a speaking role in a seminar circle on a live local issue, presenting field evidence and taking questions on it."
Civic Leadership Legacy : Louisiana,Public service as a craft: the Louisiana ladder,PS-26,K–2,Explorer,Parish Service Fellow,Mentorship in both directions,"Ask an older person to tell you about their job when they were young, and teach a younger child one thing you can do.","Record a leader's-story interview with an experienced public servant or community elder, and lead one session passing a skill to a younger learner."
Civic Leadership Legacy : Louisiana,Public service as a craft: the Louisiana ladder,PS-27,3–5,Explorer,Parish Service Fellow,Mentorship in both directions,"Interview a grown-up about a time they helped their community, and lead one activity for younger children.","Record a leader's-story interview with an experienced public servant or community elder, and lead one session passing a skill to a younger learner."
Civic Leadership Legacy : Louisiana,Public service as a craft: the Louisiana ladder,PS-28,6–8,Builder,Parish Service Fellow,Mentorship in both directions,"Record a leader's-story interview with a community elder or public servant, and lead one session passing a skill to a younger learner.","Record a leader's-story interview with an experienced public servant or community elder, and lead one session passing a skill to a younger learner."
Civic Leadership Legacy : Louisiana,Public service as a craft: the Louisiana ladder,PS-29,9–10,Practitioner,Parish Service Fellow,Mentorship in both directions,"Record a leader's-story interview with an experienced public servant or community elder, and lead one session passing a skill to a younger learner.","Record a leader's-story interview with an experienced public servant or community elder, and lead one session passing a skill to a younger learner."
Civic Leadership Legacy : Louisiana,Public service as a craft: the Louisiana ladder,PS-30,11–12,Lead,Parish Service Fellow,Mentorship in both directions,"Record and edit a leader's-story interview for a public archive with consent, and mentor one younger learner through a full theme.","Record a leader's-story interview with an experienced public servant or community elder, and lead one session passing a skill to a younger learner."
Civic Leadership Legacy : Louisiana,Public service as a craft: the Louisiana ladder,PS-31,K–2,Explorer,Parish Service Fellow,Pushing past the ceiling,"Hear the story of a Louisianan who did something they were told they could not, and draw the moment.","Research one Louisianan who broke a civic ceiling, and identify one current barrier data shows still standing in your parish, with the numbers."
Civic Leadership Legacy : Louisiana,Public service as a craft: the Louisiana ladder,PS-32,3–5,Explorer,Parish Service Fellow,Pushing past the ceiling,Read about one Louisianan who broke a barrier and write what door was closed and how it opened.,"Research one Louisianan who broke a civic ceiling, and identify one current barrier data shows still standing in your parish, with the numbers."
Civic Leadership Legacy : Louisiana,Public service as a craft: the Louisiana ladder,PS-33,6–8,Builder,Parish Service Fellow,Pushing past the ceiling,Research one Louisianan who broke a civic ceiling and find one barrier that public data shows still standing in your parish.,"Research one Louisianan who broke a civic ceiling, and identify one current barrier data shows still standing in your parish, with the numbers."
Civic Leadership Legacy : Louisiana,Public service as a craft: the Louisiana ladder,PS-34,9–10,Practitioner,Parish Service Fellow,Pushing past the ceiling,"Research one Louisianan who broke a civic ceiling, and identify one current barrier data shows still standing in your parish, with the numbers.","Research one Louisianan who broke a civic ceiling, and identify one current barrier data shows still standing in your parish, with the numbers."
Civic Leadership Legacy : Louisiana,Public service as a craft: the Louisiana ladder,PS-35,11–12,Lead,Parish Service Fellow,Pushing past the ceiling,"Research the ceiling-breaker and the current barrier, present both sides of the debate about the barrier honestly, and propose one lawful step against it.","Research one Louisianan who broke a civic ceiling, and identify one current barrier data shows still standing in your parish, with the numbers."
Civic Leadership Legacy : Louisiana,Public service as a craft: the Louisiana ladder,PS-36,K–2,Explorer,Parish Service Fellow,The stipend question: who can afford to serve,"Talk about why some helpers get paid and some do not, and who could not come if it was not paid.","Cost out what four weeks of a real volunteer or placement role would require, and propose the support that would let a working student hold it."
Civic Leadership Legacy : Louisiana,Public service as a craft: the Louisiana ladder,PS-37,3–5,Explorer,Parish Service Fellow,The stipend question: who can afford to serve,"Work out what it costs a family for a child to join a weekly club — time, travel, snacks — and say who could not afford it.","Cost out what four weeks of a real volunteer or placement role would require, and propose the support that would let a working student hold it."
Civic Leadership Legacy : Louisiana,Public service as a craft: the Louisiana ladder,PS-38,6–8,Builder,Parish Service Fellow,The stipend question: who can afford to serve,"Cost out what four weeks of a real volunteer role would require of a student, and propose one support that would let a working student hold it.","Cost out what four weeks of a real volunteer or placement role would require, and propose the support that would let a working student hold it."
Civic Leadership Legacy : Louisiana,Public service as a craft: the Louisiana ladder,PS-39,9–10,Practitioner,Parish Service Fellow,The stipend question: who can afford to serve,"Cost out what four weeks of a real volunteer or placement role would require, and propose the support that would let a working student hold it.","Cost out what four weeks of a real volunteer or placement role would require, and propose the support that would let a working student hold it."
Civic Leadership Legacy : Louisiana,Public service as a craft: the Louisiana ladder,PS-40,11–12,Lead,Parish Service Fellow,The stipend question: who can afford to serve,"Cost out the placement, propose the stipend or schedule, and draft the request to the office or funder who could provide it.","Cost out what four weeks of a real volunteer or placement role would require, and propose the support that would let a working student hold it."
Civic Leadership Legacy : Louisiana,Public service as a craft: the Louisiana ladder,PS-41,K–2,Explorer,Parish Service Fellow,The record you build,Keep a helper's chart with a sticker for each job you did and the date.,"Assemble your own service ledger to date — dated entries, artifacts, one verifiable reference — in a form a scholarship or employer could check."
Civic Leadership Legacy : Louisiana,Public service as a craft: the Louisiana ladder,PS-42,3–5,Explorer,Parish Service Fellow,The record you build,"Keep a service notebook — date, what you did, who saw it — for one term, and show it to your family.","Assemble your own service ledger to date — dated entries, artifacts, one verifiable reference — in a form a scholarship or employer could check."
Civic Leadership Legacy : Louisiana,Public service as a craft: the Louisiana ladder,PS-43,6–8,Builder,Parish Service Fellow,The record you build,"Assemble your own service ledger to date — dated entries, artifacts, one reference — in a form a scholarship could check.","Assemble your own service ledger to date — dated entries, artifacts, one verifiable reference — in a form a scholarship or employer could check."
Civic Leadership Legacy : Louisiana,Public service as a craft: the Louisiana ladder,PS-44,9–10,Practitioner,Parish Service Fellow,The record you build,"Assemble your own service ledger to date — dated entries, artifacts, one verifiable reference — in a form a scholarship or employer could check.","Assemble your own service ledger to date — dated entries, artifacts, one verifiable reference — in a form a scholarship or employer could check."
Civic Leadership Legacy : Louisiana,Public service as a craft: the Louisiana ladder,PS-45,11–12,Lead,Parish Service Fellow,The record you build,"Assemble the ledger, have a reference confirm one entry in writing, and submit it with a real scholarship, program or job application.","Assemble your own service ledger to date — dated entries, artifacts, one verifiable reference — in a form a scholarship or employer could check."
Civic Leadership Legacy : Louisiana,Public service as a craft: the Louisiana ladder,PS-46,K–2,Explorer,Parish Service Fellow,The on-ramp: from parish hall to public life,Name a public job you might like one day and one thing you would need to learn for it.,"Map three real next-step routes into Louisiana public service for yourself or a case-study senior — requirements, deadlines, first application step completed or drafted."
Civic Leadership Legacy : Louisiana,Public service as a craft: the Louisiana ladder,PS-47,3–5,Explorer,Parish Service Fellow,The on-ramp: from parish hall to public life,"Find out what a person has to do to get one public job in your parish — the school, the test, the first step.","Map three real next-step routes into Louisiana public service for yourself or a case-study senior — requirements, deadlines, first application step completed or drafted."
Civic Leadership Legacy : Louisiana,Public service as a craft: the Louisiana ladder,PS-48,6–8,Builder,Parish Service Fellow,The on-ramp: from parish hall to public life,"Map three real next-step routes into Louisiana public service for a case-study senior — requirements, deadlines, first step.","Map three real next-step routes into Louisiana public service for yourself or a case-study senior — requirements, deadlines, first application step completed or drafted."
Civic Leadership Legacy : Louisiana,Public service as a craft: the Louisiana ladder,PS-49,9–10,Practitioner,Parish Service Fellow,The on-ramp: from parish hall to public life,"Map three real next-step routes into Louisiana public service for yourself or a case-study senior — requirements, deadlines, first application step completed or drafted.","Map three real next-step routes into Louisiana public service for yourself or a case-study senior — requirements, deadlines, first application step completed or drafted."
Civic Leadership Legacy : Louisiana,Public service as a craft: the Louisiana ladder,PS-50,11–12,Lead,Parish Service Fellow,The on-ramp: from parish hall to public life,"Map three routes for yourself, complete the first application step of one for real, and write the timeline to the first paid public role.","Map three real next-step routes into Louisiana public service for yourself or a case-study senior — requirements, deadlines, first application step completed or drafted."
Civic Leadership Legacy : Louisiana,The parish: government closest to the door,PG-1,K–2,Explorer,Parish Government Navigator,"Sixty-four parishes, not counties",Find your parish on a Louisiana map and say its name and its big town.,"Produce the one-page profile of your own parish — population, seat, governing form, and three services it actually runs — from official sources."
Civic Leadership Legacy : Louisiana,The parish: government closest to the door,PG-2,3–5,Explorer,Parish Government Navigator,"Sixty-four parishes, not counties","Make a one-page picture profile of your parish — its seat, how many people, three things the parish does for you.","Produce the one-page profile of your own parish — population, seat, governing form, and three services it actually runs — from official sources."
Civic Leadership Legacy : Louisiana,The parish: government closest to the door,PG-3,6–8,Builder,Parish Government Navigator,"Sixty-four parishes, not counties","Produce the one-page profile of your parish — population, seat, governing form, three services it runs — from official sources.","Produce the one-page profile of your own parish — population, seat, governing form, and three services it actually runs — from official sources."
Civic Leadership Legacy : Louisiana,The parish: government closest to the door,PG-4,9–10,Practitioner,Parish Government Navigator,"Sixty-four parishes, not counties","Produce the one-page profile of your own parish — population, seat, governing form, and three services it actually runs — from official sources.","Produce the one-page profile of your own parish — population, seat, governing form, and three services it actually runs — from official sources."
Civic Leadership Legacy : Louisiana,The parish: government closest to the door,PG-5,11–12,Lead,Parish Government Navigator,"Sixty-four parishes, not counties","Produce the profile for your parish and a neighbouring one from official sources, and explain one difference in what each runs and why.","Produce the one-page profile of your own parish — population, seat, governing form, and three services it actually runs — from official sources."
Civic Leadership Legacy : Louisiana,The parish: government closest to the door,PG-6,K–2,Explorer,Parish Government Navigator,Police jury or home rule,Learn the name of the group of grown-ups who run your parish.,"Determine your parish's actual form of government from its charter or code, and diagram who holds executive and legislative power there."
Civic Leadership Legacy : Louisiana,The parish: government closest to the door,PG-7,3–5,Explorer,Parish Government Navigator,Police jury or home rule,"Find out whether your parish has a police jury or a president and council, and draw who is in charge.","Determine your parish's actual form of government from its charter or code, and diagram who holds executive and legislative power there."
Civic Leadership Legacy : Louisiana,The parish: government closest to the door,PG-8,6–8,Builder,Parish Government Navigator,Police jury or home rule,"Determine your parish's form of government from its charter or code, and diagram who holds executive and legislative power.","Determine your parish's actual form of government from its charter or code, and diagram who holds executive and legislative power there."
Civic Leadership Legacy : Louisiana,The parish: government closest to the door,PG-9,9–10,Practitioner,Parish Government Navigator,Police jury or home rule,"Determine your parish's actual form of government from its charter or code, and diagram who holds executive and legislative power there.","Determine your parish's actual form of government from its charter or code, and diagram who holds executive and legislative power there."
Civic Leadership Legacy : Louisiana,The parish: government closest to the door,PG-10,11–12,Lead,Parish Government Navigator,Police jury or home rule,"Diagram your parish's form from its charter and compare it with a parish of the other form, showing one decision that would travel a different path in each.","Determine your parish's actual form of government from its charter or code, and diagram who holds executive and legislative power there."
Civic Leadership Legacy : Louisiana,The parish: government closest to the door,PG-11,K–2,Explorer,Parish Government Navigator,"The elected row: sheriff, clerk, assessor",Learn the name of your parish's sheriff and what a sheriff does.,"List your parish's actual elected officers by name and office, and explain one real recent decision each office made that touched residents."
Civic Leadership Legacy : Louisiana,The parish: government closest to the door,PG-12,3–5,Explorer,Parish Government Navigator,"The elected row: sheriff, clerk, assessor","List your parish's sheriff, clerk of court and assessor by name, and say one thing each does for people.","List your parish's actual elected officers by name and office, and explain one real recent decision each office made that touched residents."
Civic Leadership Legacy : Louisiana,The parish: government closest to the door,PG-13,6–8,Builder,Parish Government Navigator,"The elected row: sheriff, clerk, assessor","List your parish's elected officers by name and office, and explain one recent decision each made that touched residents.","List your parish's actual elected officers by name and office, and explain one real recent decision each office made that touched residents."
Civic Leadership Legacy : Louisiana,The parish: government closest to the door,PG-14,9–10,Practitioner,Parish Government Navigator,"The elected row: sheriff, clerk, assessor","List your parish's actual elected officers by name and office, and explain one real recent decision each office made that touched residents.","List your parish's actual elected officers by name and office, and explain one real recent decision each office made that touched residents."
Civic Leadership Legacy : Louisiana,The parish: government closest to the door,PG-15,11–12,Lead,Parish Government Navigator,"The elected row: sheriff, clerk, assessor","List the officers, attend or review one office's public report, and write the citizen's guide to what each office can and cannot do for a resident.","List your parish's actual elected officers by name and office, and explain one real recent decision each office made that touched residents."
Civic Leadership Legacy : Louisiana,The parish: government closest to the door,PG-16,K–2,Explorer,Parish Government Navigator,The school board and the schoolhouse,"Learn that a group of elected grown-ups decides things about your school, and name one thing they decide.","Attend or watch one real school board meeting in your parish and report one decision made, who voted how, and who it affects."
Civic Leadership Legacy : Louisiana,The parish: government closest to the door,PG-17,3–5,Explorer,Parish Government Navigator,The school board and the schoolhouse,Find out who is on your parish school board and what they decided at their last meeting.,"Attend or watch one real school board meeting in your parish and report one decision made, who voted how, and who it affects."
Civic Leadership Legacy : Louisiana,The parish: government closest to the door,PG-18,6–8,Builder,Parish Government Navigator,The school board and the schoolhouse,"Watch one real school board meeting in your parish and report one decision made, how the vote went, and who it affects.","Attend or watch one real school board meeting in your parish and report one decision made, who voted how, and who it affects."
Civic Leadership Legacy : Louisiana,The parish: government closest to the door,PG-19,9–10,Practitioner,Parish Government Navigator,The school board and the schoolhouse,"Attend or watch one real school board meeting in your parish and report one decision made, who voted how, and who it affects.","Attend or watch one real school board meeting in your parish and report one decision made, who voted how, and who it affects."
Civic Leadership Legacy : Louisiana,The parish: government closest to the door,PG-20,11–12,Lead,Parish Government Navigator,The school board and the schoolhouse,"Attend a school board meeting, report the decision, and write the two-paragraph brief a parent would need to speak on the item next time.","Attend or watch one real school board meeting in your parish and report one decision made, who voted how, and who it affects."
Civic Leadership Legacy : Louisiana,The parish: government closest to the door,PG-21,K–2,Explorer,Parish Government Navigator,The special districts nobody can name,"Learn that different groups look after the water, the fire truck and the library where you live.","Identify three special districts that cover your own address, and for one of them find its board, budget and next public meeting."
Civic Leadership Legacy : Louisiana,The parish: government closest to the door,PG-22,3–5,Explorer,Parish Government Navigator,The special districts nobody can name,"Find out which district looks after your water and your fire protection, and who sits on its board.","Identify three special districts that cover your own address, and for one of them find its board, budget and next public meeting."
Civic Leadership Legacy : Louisiana,The parish: government closest to the door,PG-23,6–8,Builder,Parish Government Navigator,The special districts nobody can name,"Identify two special districts that cover your own address and, for one of them, find its board and its next public meeting.","Identify three special districts that cover your own address, and for one of them find its board, budget and next public meeting."
Civic Leadership Legacy : Louisiana,The parish: government closest to the door,PG-24,9–10,Practitioner,Parish Government Navigator,The special districts nobody can name,"Identify three special districts that cover your own address, and for one of them find its board, budget and next public meeting.","Identify three special districts that cover your own address, and for one of them find its board, budget and next public meeting."
Civic Leadership Legacy : Louisiana,The parish: government closest to the door,PG-25,11–12,Lead,Parish Government Navigator,The special districts nobody can name,"Identify the districts, attend one board meeting, and report what it taxed and decided in words a neighbour would understand.","Identify three special districts that cover your own address, and for one of them find its board, budget and next public meeting."
Civic Leadership Legacy : Louisiana,The parish: government closest to the door,PG-26,K–2,Explorer,Parish Government Navigator,"The parish budget, followed to the pothole","Learn that the parish pays for the roads and the library with money from everyone, and find one thing it paid for on your street.","From your parish's actual budget, trace one revenue source to one service, and check the service's condition where you live."
Civic Leadership Legacy : Louisiana,The parish: government closest to the door,PG-27,3–5,Explorer,Parish Government Navigator,"The parish budget, followed to the pothole","Follow one thing the parish pays for — the library, a road — from where the money comes to what you can see.","From your parish's actual budget, trace one revenue source to one service, and check the service's condition where you live."
Civic Leadership Legacy : Louisiana,The parish: government closest to the door,PG-28,6–8,Builder,Parish Government Navigator,"The parish budget, followed to the pothole","From your parish's budget, trace one revenue source to one service, and check the service's condition where you live.","From your parish's actual budget, trace one revenue source to one service, and check the service's condition where you live."
Civic Leadership Legacy : Louisiana,The parish: government closest to the door,PG-29,9–10,Practitioner,Parish Government Navigator,"The parish budget, followed to the pothole","From your parish's actual budget, trace one revenue source to one service, and check the service's condition where you live.","From your parish's actual budget, trace one revenue source to one service, and check the service's condition where you live."
Civic Leadership Legacy : Louisiana,The parish: government closest to the door,PG-30,11–12,Lead,Parish Government Navigator,"The parish budget, followed to the pothole","Trace two revenue lines to two services, compare their condition with what was budgeted, and write the question you would put to the council.","From your parish's actual budget, trace one revenue source to one service, and check the service's condition where you live."
Civic Leadership Legacy : Louisiana,The parish: government closest to the door,PG-31,K–2,Explorer,Parish Government Navigator,"The permit, the complaint, the record","Learn the three things people ask the parish for — may I, please fix, may I see — and practise asking one politely.","Complete one real parish transaction (permit lookup, service request, or public-records request) through the official channel and document the outcome."
Civic Leadership Legacy : Louisiana,The parish: government closest to the door,PG-32,3–5,Explorer,Parish Government Navigator,"The permit, the complaint, the record","With an adult, report one real problem — a broken light, a pothole — through the parish's channel and follow what happens.","Complete one real parish transaction (permit lookup, service request, or public-records request) through the official channel and document the outcome."
Civic Leadership Legacy : Louisiana,The parish: government closest to the door,PG-33,6–8,Builder,Parish Government Navigator,"The permit, the complaint, the record","Complete one real parish transaction — a permit lookup, a service request or a records request — through the official channel and document the outcome.","Complete one real parish transaction (permit lookup, service request, or public-records request) through the official channel and document the outcome."
Civic Leadership Legacy : Louisiana,The parish: government closest to the door,PG-34,9–10,Practitioner,Parish Government Navigator,"The permit, the complaint, the record","Complete one real parish transaction (permit lookup, service request, or public-records request) through the official channel and document the outcome.","Complete one real parish transaction (permit lookup, service request, or public-records request) through the official channel and document the outcome."
Civic Leadership Legacy : Louisiana,The parish: government closest to the door,PG-35,11–12,Lead,Parish Government Navigator,"The permit, the complaint, the record","Complete all three transactions for real, document each outcome and its timing, and write the guide that tells a resident how to do each.","Complete one real parish transaction (permit lookup, service request, or public-records request) through the official channel and document the outcome."
Civic Leadership Legacy : Louisiana,The parish: government closest to the door,PG-36,K–2,Explorer,Parish Government Navigator,Public comment that gets heard,Practise saying one clear sentence to a grown-up in charge about something you want changed.,"Deliver (or fully rehearse to the real rules) a three-minute public comment to a parish body on a live agenda item, structured for the record."
Civic Leadership Legacy : Louisiana,The parish: government closest to the door,PG-37,3–5,Explorer,Parish Government Navigator,Public comment that gets heard,Write and say a one-minute comment to a class or school council about a real thing you want changed.,"Deliver (or fully rehearse to the real rules) a three-minute public comment to a parish body on a live agenda item, structured for the record."
Civic Leadership Legacy : Louisiana,The parish: government closest to the door,PG-38,6–8,Builder,Parish Government Navigator,Public comment that gets heard,"Rehearse a three-minute public comment to a parish body on a live agenda item, to the real rules, structured for the record.","Deliver (or fully rehearse to the real rules) a three-minute public comment to a parish body on a live agenda item, structured for the record."
Civic Leadership Legacy : Louisiana,The parish: government closest to the door,PG-39,9–10,Practitioner,Parish Government Navigator,Public comment that gets heard,"Deliver (or fully rehearse to the real rules) a three-minute public comment to a parish body on a live agenda item, structured for the record.","Deliver (or fully rehearse to the real rules) a three-minute public comment to a parish body on a live agenda item, structured for the record."
Civic Leadership Legacy : Louisiana,The parish: government closest to the door,PG-40,11–12,Lead,Parish Government Navigator,Public comment that gets heard,"Deliver a public comment for real, obtain the record of it, and coach one other resident through delivering theirs.","Deliver (or fully rehearse to the real rules) a three-minute public comment to a parish body on a live agenda item, structured for the record."
Civic Leadership Legacy : Louisiana,The parish: government closest to the door,PG-41,K–2,Explorer,Parish Government Navigator,Municipality and parish: who does what,"Learn that the town and the parish are different, and say which one picks up the rubbish where you live.","For your own address, produce the who-fixes-what card: five common problems each matched to the correct government and office."
Civic Leadership Legacy : Louisiana,The parish: government closest to the door,PG-42,3–5,Explorer,Parish Government Navigator,Municipality and parish: who does what,"Make a card for five common problems — a pothole, a stray dog, a water leak — and say whether the town or the parish fixes each.","For your own address, produce the who-fixes-what card: five common problems each matched to the correct government and office."
Civic Leadership Legacy : Louisiana,The parish: government closest to the door,PG-43,6–8,Builder,Parish Government Navigator,Municipality and parish: who does what,"For your own address, produce the who-fixes-what card: five common problems matched to the correct government and office.","For your own address, produce the who-fixes-what card: five common problems each matched to the correct government and office."
Civic Leadership Legacy : Louisiana,The parish: government closest to the door,PG-44,9–10,Practitioner,Parish Government Navigator,Municipality and parish: who does what,"For your own address, produce the who-fixes-what card: five common problems each matched to the correct government and office.","For your own address, produce the who-fixes-what card: five common problems each matched to the correct government and office."
Civic Leadership Legacy : Louisiana,The parish: government closest to the door,PG-45,11–12,Lead,Parish Government Navigator,Municipality and parish: who does what,"Produce the card for two addresses on either side of a city limit, and write the explanation of where the services switch and why.","For your own address, produce the who-fixes-what card: five common problems each matched to the correct government and office."
Civic Leadership Legacy : Louisiana,The parish: government closest to the door,PG-46,K–2,Explorer,Parish Government Navigator,When the parish fails you,Learn who to tell when the grown-up in charge does not fix a problem.,"Take one real or case-study parish failure and map its escalation ladder in order, drafting the first escalation document."
Civic Leadership Legacy : Louisiana,The parish: government closest to the door,PG-47,3–5,Explorer,Parish Government Navigator,When the parish fails you,"Put the steps in order for what a person does when the parish does not fix something — ask again, ask higher, ask the paper.","Take one real or case-study parish failure and map its escalation ladder in order, drafting the first escalation document."
Civic Leadership Legacy : Louisiana,The parish: government closest to the door,PG-48,6–8,Builder,Parish Government Navigator,When the parish fails you,"Take one real or case-study parish failure and map its escalation ladder in order, drafting the first escalation letter.","Take one real or case-study parish failure and map its escalation ladder in order, drafting the first escalation document."
Civic Leadership Legacy : Louisiana,The parish: government closest to the door,PG-49,9–10,Practitioner,Parish Government Navigator,When the parish fails you,"Take one real or case-study parish failure and map its escalation ladder in order, drafting the first escalation document.","Take one real or case-study parish failure and map its escalation ladder in order, drafting the first escalation document."
Civic Leadership Legacy : Louisiana,The parish: government closest to the door,PG-50,11–12,Lead,Parish Government Navigator,When the parish fails you,"Map the ladder for a real failure, send or file the first escalation for real where appropriate, and document the response.","Take one real or case-study parish failure and map its escalation ladder in order, drafting the first escalation document."
Civic Leadership Legacy : Louisiana,Baton Rouge: the Legislature and the law,LG-1,K–2,Explorer,Capitol Navigator,The capitol and the two chambers,Learn that Louisiana's laws are made in Baton Rouge by people the grown-ups voted for.,"Identify your actual state representative and senator by district lookup, and summarise one bill each has authored or sponsored recently."
Civic Leadership Legacy : Louisiana,Baton Rouge: the Legislature and the law,LG-2,3–5,Explorer,Capitol Navigator,The capitol and the two chambers,Find the names of the two people who represent your home in Baton Rouge and one thing each cares about.,"Identify your actual state representative and senator by district lookup, and summarise one bill each has authored or sponsored recently."
Civic Leadership Legacy : Louisiana,Baton Rouge: the Legislature and the law,LG-3,6–8,Builder,Capitol Navigator,The capitol and the two chambers,Identify your state representative and senator by district lookup and summarise one bill each has authored recently.,"Identify your actual state representative and senator by district lookup, and summarise one bill each has authored or sponsored recently."
Civic Leadership Legacy : Louisiana,Baton Rouge: the Legislature and the law,LG-4,9–10,Practitioner,Capitol Navigator,The capitol and the two chambers,"Identify your actual state representative and senator by district lookup, and summarise one bill each has authored or sponsored recently.","Identify your actual state representative and senator by district lookup, and summarise one bill each has authored or sponsored recently."
Civic Leadership Legacy : Louisiana,Baton Rouge: the Legislature and the law,LG-5,11–12,Lead,Capitol Navigator,The capitol and the two chambers,"Identify both, summarise a bill each, and write the one-page letter to one of them on a live issue, sent or ready to send.","Identify your actual state representative and senator by district lookup, and summarise one bill each has authored or sponsored recently."
Civic Leadership Legacy : Louisiana,Baton Rouge: the Legislature and the law,LG-6,K–2,Explorer,Capitol Navigator,The session calendar,"Learn that the law-makers meet at certain times of the year, like school terms.","Find the current or most recent session's actual convening rules and dates, and explain what kinds of bills it could and could not take up."
Civic Leadership Legacy : Louisiana,Baton Rouge: the Legislature and the law,LG-7,3–5,Explorer,Capitol Navigator,The session calendar,Find out when the Legislature meets this year and what kind of session it is.,"Find the current or most recent session's actual convening rules and dates, and explain what kinds of bills it could and could not take up."
Civic Leadership Legacy : Louisiana,Baton Rouge: the Legislature and the law,LG-8,6–8,Builder,Capitol Navigator,The session calendar,"Find the current or most recent session's convening rules and dates, and explain what bills it could and could not take up.","Find the current or most recent session's actual convening rules and dates, and explain what kinds of bills it could and could not take up."
Civic Leadership Legacy : Louisiana,Baton Rouge: the Legislature and the law,LG-9,9–10,Practitioner,Capitol Navigator,The session calendar,"Find the current or most recent session's actual convening rules and dates, and explain what kinds of bills it could and could not take up.","Find the current or most recent session's actual convening rules and dates, and explain what kinds of bills it could and could not take up."
Civic Leadership Legacy : Louisiana,Baton Rouge: the Legislature and the law,LG-10,11–12,Lead,Capitol Navigator,The session calendar,"Compare a regular and a fiscal session's rules, and explain with a real example why a bill's timing decided whether it could pass.","Find the current or most recent session's actual convening rules and dates, and explain what kinds of bills it could and could not take up."
Civic Leadership Legacy : Louisiana,Baton Rouge: the Legislature and the law,LG-11,K–2,Explorer,Capitol Navigator,A bill's actual journey,"Put the picture cards in order: an idea, a vote, a signature, a law.","Track one real bill from the current or last session through each stage on the Legislature's own website, and state where it stalled or how it became law."
Civic Leadership Legacy : Louisiana,Baton Rouge: the Legislature and the law,LG-12,3–5,Explorer,Capitol Navigator,A bill's actual journey,Follow one real bill on the Legislature's website with an adult and colour in each stage it passed.,"Track one real bill from the current or last session through each stage on the Legislature's own website, and state where it stalled or how it became law."
Civic Leadership Legacy : Louisiana,Baton Rouge: the Legislature and the law,LG-13,6–8,Builder,Capitol Navigator,A bill's actual journey,"Track one real bill from the current or last session through each stage on the Legislature's website, and state where it stalled or how it passed.","Track one real bill from the current or last session through each stage on the Legislature's own website, and state where it stalled or how it became law."
Civic Leadership Legacy : Louisiana,Baton Rouge: the Legislature and the law,LG-14,9–10,Practitioner,Capitol Navigator,A bill's actual journey,"Track one real bill from the current or last session through each stage on the Legislature's own website, and state where it stalled or how it became law.","Track one real bill from the current or last session through each stage on the Legislature's own website, and state where it stalled or how it became law."
Civic Leadership Legacy : Louisiana,Baton Rouge: the Legislature and the law,LG-15,11–12,Lead,Capitol Navigator,A bill's actual journey,"Track two bills on the same subject through the process, explain why one lived and one died, and write the memo a sponsor would need next session.","Track one real bill from the current or last session through each stage on the Legislature's own website, and state where it stalled or how it became law."
Civic Leadership Legacy : Louisiana,Baton Rouge: the Legislature and the law,LG-16,K–2,Explorer,Capitol Navigator,The committee room is the real floor,"Learn that small groups of law-makers talk about an idea first, before everyone votes.","Watch one real committee hearing (live or archived) and report the arguments, the amendments, and the vote as the record shows them."
Civic Leadership Legacy : Louisiana,Baton Rouge: the Legislature and the law,LG-17,3–5,Explorer,Capitol Navigator,The committee room is the real floor,Watch a few minutes of a real committee hearing and say who spoke and what they asked for.,"Watch one real committee hearing (live or archived) and report the arguments, the amendments, and the vote as the record shows them."
Civic Leadership Legacy : Louisiana,Baton Rouge: the Legislature and the law,LG-18,6–8,Builder,Capitol Navigator,The committee room is the real floor,"Watch one real committee hearing, live or archived, and report the arguments, the amendments, and the vote as the record shows them.","Watch one real committee hearing (live or archived) and report the arguments, the amendments, and the vote as the record shows them."
Civic Leadership Legacy : Louisiana,Baton Rouge: the Legislature and the law,LG-19,9–10,Practitioner,Capitol Navigator,The committee room is the real floor,"Watch one real committee hearing (live or archived) and report the arguments, the amendments, and the vote as the record shows them.","Watch one real committee hearing (live or archived) and report the arguments, the amendments, and the vote as the record shows them."
Civic Leadership Legacy : Louisiana,Baton Rouge: the Legislature and the law,LG-20,11–12,Lead,Capitol Navigator,The committee room is the real floor,"Watch a hearing and write the testimony you would have given on the bill, in the form and time limit the committee allows.","Watch one real committee hearing (live or archived) and report the arguments, the amendments, and the vote as the record shows them."
Civic Leadership Legacy : Louisiana,Baton Rouge: the Legislature and the law,LG-21,K–2,Explorer,Capitol Navigator,The only civil-law state,Learn that Louisiana has some rules of its own that other states do not.,"Explain, with one concrete everyday example, how Louisiana's civil-law tradition treats a matter differently from a common-law state, verified against an authoritative source."
Civic Leadership Legacy : Louisiana,Baton Rouge: the Legislature and the law,LG-22,3–5,Explorer,Capitol Navigator,The only civil-law state,"Find one everyday thing Louisiana does differently from the state next door, and explain it in a sentence.","Explain, with one concrete everyday example, how Louisiana's civil-law tradition treats a matter differently from a common-law state, verified against an authoritative source."
Civic Leadership Legacy : Louisiana,Baton Rouge: the Legislature and the law,LG-23,6–8,Builder,Capitol Navigator,The only civil-law state,"Explain, with one everyday example, how Louisiana's civil-law tradition treats a matter differently from a common-law state, checked against a source.","Explain, with one concrete everyday example, how Louisiana's civil-law tradition treats a matter differently from a common-law state, verified against an authoritative source."
Civic Leadership Legacy : Louisiana,Baton Rouge: the Legislature and the law,LG-24,9–10,Practitioner,Capitol Navigator,The only civil-law state,"Explain, with one concrete everyday example, how Louisiana's civil-law tradition treats a matter differently from a common-law state, verified against an authoritative source.","Explain, with one concrete everyday example, how Louisiana's civil-law tradition treats a matter differently from a common-law state, verified against an authoritative source."
Civic Leadership Legacy : Louisiana,Baton Rouge: the Legislature and the law,LG-25,11–12,Lead,Capitol Navigator,The only civil-law state,"Explain two differences with sources, and interview a notary or clerk about how one of them shows up in a real transaction.","Explain, with one concrete everyday example, how Louisiana's civil-law tradition treats a matter differently from a common-law state, verified against an authoritative source."
Civic Leadership Legacy : Louisiana,Baton Rouge: the Legislature and the law,LG-26,K–2,Explorer,Capitol Navigator,A constitution amended by you,Learn that the big rule book of the state can be changed by the grown-ups voting.,"Take one real past or pending constitutional amendment, translate its ballot language into plain words, and present the strongest case each way."
Civic Leadership Legacy : Louisiana,Baton Rouge: the Legislature and the law,LG-27,3–5,Explorer,Capitol Navigator,A constitution amended by you,Read one amendment question from an old ballot with an adult and say it in your own words.,"Take one real past or pending constitutional amendment, translate its ballot language into plain words, and present the strongest case each way."
Civic Leadership Legacy : Louisiana,Baton Rouge: the Legislature and the law,LG-28,6–8,Builder,Capitol Navigator,A constitution amended by you,"Take one real past or pending constitutional amendment, translate its ballot language into plain words, and give the case each way.","Take one real past or pending constitutional amendment, translate its ballot language into plain words, and present the strongest case each way."
Civic Leadership Legacy : Louisiana,Baton Rouge: the Legislature and the law,LG-29,9–10,Practitioner,Capitol Navigator,A constitution amended by you,"Take one real past or pending constitutional amendment, translate its ballot language into plain words, and present the strongest case each way.","Take one real past or pending constitutional amendment, translate its ballot language into plain words, and present the strongest case each way."
Civic Leadership Legacy : Louisiana,Baton Rouge: the Legislature and the law,LG-30,11–12,Lead,Capitol Navigator,A constitution amended by you,"Translate every amendment on a real ballot into plain words with the case each way, and publish the guide for voters in your parish.","Take one real past or pending constitutional amendment, translate its ballot language into plain words, and present the strongest case each way."
Civic Leadership Legacy : Louisiana,Baton Rouge: the Legislature and the law,LG-31,K–2,Explorer,Capitol Navigator,The budget and the checkbook,"Learn that the state pays for schools, roads and hospitals, and name one thing near you it paid for.","From official budget documents, chart the state's five largest spending areas and follow one of them down to a program operating in your parish."
Civic Leadership Legacy : Louisiana,Baton Rouge: the Legislature and the law,LG-32,3–5,Explorer,Capitol Navigator,The budget and the checkbook,"Make a picture chart of the biggest things the state spends money on, from a simple official page.","From official budget documents, chart the state's five largest spending areas and follow one of them down to a program operating in your parish."
Civic Leadership Legacy : Louisiana,Baton Rouge: the Legislature and the law,LG-33,6–8,Builder,Capitol Navigator,The budget and the checkbook,"From official budget documents, chart the state's five largest spending areas and follow one down to a program in your parish.","From official budget documents, chart the state's five largest spending areas and follow one of them down to a program operating in your parish."
Civic Leadership Legacy : Louisiana,Baton Rouge: the Legislature and the law,LG-34,9–10,Practitioner,Capitol Navigator,The budget and the checkbook,"From official budget documents, chart the state's five largest spending areas and follow one of them down to a program operating in your parish.","From official budget documents, chart the state's five largest spending areas and follow one of them down to a program operating in your parish."
Civic Leadership Legacy : Louisiana,Baton Rouge: the Legislature and the law,LG-35,11–12,Lead,Capitol Navigator,The budget and the checkbook,"Chart the spending, follow one line to your parish, and compare what the program received with what the budget said, with the auditor's report if there is one.","From official budget documents, chart the state's five largest spending areas and follow one of them down to a program operating in your parish."
Civic Leadership Legacy : Louisiana,Baton Rouge: the Legislature and the law,LG-36,K–2,Explorer,Capitol Navigator,The agencies that carry out the words,"Learn that after a rule is made, someone has to check it is followed — the inspector, the nurse, the officer.","Pick one state rule that touches your life, find it in the administrative code, and trace it back to the statute that authorised it."
Civic Leadership Legacy : Louisiana,Baton Rouge: the Legislature and the law,LG-37,3–5,Explorer,Capitol Navigator,The agencies that carry out the words,"Find one rule that touches your life — the school bus, the swimming pool — and the office that checks it.","Pick one state rule that touches your life, find it in the administrative code, and trace it back to the statute that authorised it."
Civic Leadership Legacy : Louisiana,Baton Rouge: the Legislature and the law,LG-38,6–8,Builder,Capitol Navigator,The agencies that carry out the words,"Pick one state rule that touches your life — the school bus, the pool, the food truck — and find the agency and the code section that carry it out.","Pick one state rule that touches your life, find it in the administrative code, and trace it back to the statute that authorised it."
Civic Leadership Legacy : Louisiana,Baton Rouge: the Legislature and the law,LG-39,9–10,Practitioner,Capitol Navigator,The agencies that carry out the words,"Pick one state rule that touches your life, find it in the administrative code, and trace it back to the statute that authorised it.","Pick one state rule that touches your life, find it in the administrative code, and trace it back to the statute that authorised it."
Civic Leadership Legacy : Louisiana,Baton Rouge: the Legislature and the law,LG-40,11–12,Lead,Capitol Navigator,The agencies that carry out the words,"Trace the rule to its statute, find the last time it was amended and why, and write the plain-language explainer a business owner would need.","Pick one state rule that touches your life, find it in the administrative code, and trace it back to the statute that authorised it."
Civic Leadership Legacy : Louisiana,Baton Rouge: the Legislature and the law,LG-41,K–2,Explorer,Capitol Navigator,Testifying and the citizen's bill,"Tell a grown-up in charge one thing you would change and why, in two sentences.",Draft a one-page bill proposal on a real local problem and deliver it (or a rehearsed committee testimony for it) in proper form to the right office.
Civic Leadership Legacy : Louisiana,Baton Rouge: the Legislature and the law,LG-42,3–5,Explorer,Capitol Navigator,Testifying and the citizen's bill,Write a one-paragraph idea for a new rule at school and present it to the student council or the principal.,Draft a one-page bill proposal on a real local problem and deliver it (or a rehearsed committee testimony for it) in proper form to the right office.
Civic Leadership Legacy : Louisiana,Baton Rouge: the Legislature and the law,LG-43,6–8,Builder,Capitol Navigator,Testifying and the citizen's bill,Draft a one-page bill proposal on a real local problem and deliver a rehearsed committee testimony for it in proper form.,Draft a one-page bill proposal on a real local problem and deliver it (or a rehearsed committee testimony for it) in proper form to the right office.
Civic Leadership Legacy : Louisiana,Baton Rouge: the Legislature and the law,LG-44,9–10,Practitioner,Capitol Navigator,Testifying and the citizen's bill,Draft a one-page bill proposal on a real local problem and deliver it (or a rehearsed committee testimony for it) in proper form to the right office.,Draft a one-page bill proposal on a real local problem and deliver it (or a rehearsed committee testimony for it) in proper form to the right office.
Civic Leadership Legacy : Louisiana,Baton Rouge: the Legislature and the law,LG-45,11–12,Lead,Capitol Navigator,Testifying and the citizen's bill,"Draft the proposal, deliver it to a legislator's office for real, and document what the office said it would need to file it.",Draft a one-page bill proposal on a real local problem and deliver it (or a rehearsed committee testimony for it) in proper form to the right office.
Civic Leadership Legacy : Louisiana,Baton Rouge: the Legislature and the law,LG-46,K–2,Explorer,Capitol Navigator,The courts above the parish,"Learn that when people disagree about the rules, a judge decides, and that there are bigger courts above the first one.","Map one real Louisiana case's path through the court system from filing to final ruling, naming each court correctly."
Civic Leadership Legacy : Louisiana,Baton Rouge: the Legislature and the law,LG-47,3–5,Explorer,Capitol Navigator,The courts above the parish,"Put Louisiana's courts in order from the first court to the highest, with a picture for each.","Map one real Louisiana case's path through the court system from filing to final ruling, naming each court correctly."
Civic Leadership Legacy : Louisiana,Baton Rouge: the Legislature and the law,LG-48,6–8,Builder,Capitol Navigator,The courts above the parish,"Map one real Louisiana case's path through the court system from filing to final ruling, naming each court.","Map one real Louisiana case's path through the court system from filing to final ruling, naming each court correctly."
Civic Leadership Legacy : Louisiana,Baton Rouge: the Legislature and the law,LG-49,9–10,Practitioner,Capitol Navigator,The courts above the parish,"Map one real Louisiana case's path through the court system from filing to final ruling, naming each court correctly.","Map one real Louisiana case's path through the court system from filing to final ruling, naming each court correctly."
Civic Leadership Legacy : Louisiana,Baton Rouge: the Legislature and the law,LG-50,11–12,Lead,Capitol Navigator,The courts above the parish,"Map two cases that reached different levels, explain why one stopped where it did, and attend or review one hearing at any level.","Map one real Louisiana case's path through the court system from filing to final ruling, naming each court correctly."
Civic Leadership Legacy : Louisiana,"Elections, voice and the ballot in Louisiana",EV-1,K–2,Explorer,Election Steward,Registering and staying registered,Learn that grown-ups sign up to vote and that you can sign up when you are older.,"Verify a real registration (yours or a consenting adult's) through the state's official portal, and correct or complete one detail if needed."
Civic Leadership Legacy : Louisiana,"Elections, voice and the ballot in Louisiana",EV-2,3–5,Explorer,Election Steward,Registering and staying registered,Find out how a person registers to vote in Louisiana and the age they can pre-register.,"Verify a real registration (yours or a consenting adult's) through the state's official portal, and correct or complete one detail if needed."
Civic Leadership Legacy : Louisiana,"Elections, voice and the ballot in Louisiana",EV-3,6–8,Builder,Election Steward,Registering and staying registered,Verify a consenting adult's registration through the state's official portal and note what would need correcting.,"Verify a real registration (yours or a consenting adult's) through the state's official portal, and correct or complete one detail if needed."
Civic Leadership Legacy : Louisiana,"Elections, voice and the ballot in Louisiana",EV-4,9–10,Practitioner,Election Steward,Registering and staying registered,"Verify a real registration (yours or a consenting adult's) through the state's official portal, and correct or complete one detail if needed.","Verify a real registration (yours or a consenting adult's) through the state's official portal, and correct or complete one detail if needed."
Civic Leadership Legacy : Louisiana,"Elections, voice and the ballot in Louisiana",EV-5,11–12,Lead,Election Steward,Registering and staying registered,"Verify your own registration or pre-registration, help two consenting adults check theirs, and write the yearly check-your-record reminder for a group.","Verify a real registration (yours or a consenting adult's) through the state's official portal, and correct or complete one detail if needed."
Civic Leadership Legacy : Louisiana,"Elections, voice and the ballot in Louisiana",EV-6,K–2,Explorer,Election Steward,Louisiana's own way of electing,"Learn that when nobody gets more than half the votes, there is a second vote.","For two different offices on the next real ballot, find and explain the election rules that currently govern each, citing the Secretary of State's guidance."
Civic Leadership Legacy : Louisiana,"Elections, voice and the ballot in Louisiana",EV-7,3–5,Explorer,Election Steward,Louisiana's own way of electing,"Explain, with counters, what happens in Louisiana when no one gets more than half, and when there is a runoff.","For two different offices on the next real ballot, find and explain the election rules that currently govern each, citing the Secretary of State's guidance."
Civic Leadership Legacy : Louisiana,"Elections, voice and the ballot in Louisiana",EV-8,6–8,Builder,Election Steward,Louisiana's own way of electing,"For two different offices on the next real ballot, find and explain the election rules that currently govern each.","For two different offices on the next real ballot, find and explain the election rules that currently govern each, citing the Secretary of State's guidance."
Civic Leadership Legacy : Louisiana,"Elections, voice and the ballot in Louisiana",EV-9,9–10,Practitioner,Election Steward,Louisiana's own way of electing,"For two different offices on the next real ballot, find and explain the election rules that currently govern each, citing the Secretary of State's guidance.","For two different offices on the next real ballot, find and explain the election rules that currently govern each, citing the Secretary of State's guidance."
Civic Leadership Legacy : Louisiana,"Elections, voice and the ballot in Louisiana",EV-10,11–12,Lead,Election Steward,Louisiana's own way of electing,"Explain the rules for three offices, trace the recent reform that changed one of them, and write the voter's one-page guide to which system applies where.","For two different offices on the next real ballot, find and explain the election rules that currently govern each, citing the Secretary of State's guidance."
Civic Leadership Legacy : Louisiana,"Elections, voice and the ballot in Louisiana",EV-11,K–2,Explorer,Election Steward,The ballot below the headlines,Look at a sample ballot with an adult and count how many questions are on it besides the big race.,Obtain your actual sample ballot for a real election and produce a plain-language voter guide for every line below the top race.
Civic Leadership Legacy : Louisiana,"Elections, voice and the ballot in Louisiana",EV-12,3–5,Explorer,Election Steward,The ballot below the headlines,"Take a real sample ballot and, with help, say in your own words what two of the small questions would do.",Obtain your actual sample ballot for a real election and produce a plain-language voter guide for every line below the top race.
Civic Leadership Legacy : Louisiana,"Elections, voice and the ballot in Louisiana",EV-13,6–8,Builder,Election Steward,The ballot below the headlines,Obtain your parish's sample ballot for a real election and write a plain-language guide for three lines below the top race.,Obtain your actual sample ballot for a real election and produce a plain-language voter guide for every line below the top race.
Civic Leadership Legacy : Louisiana,"Elections, voice and the ballot in Louisiana",EV-14,9–10,Practitioner,Election Steward,The ballot below the headlines,Obtain your actual sample ballot for a real election and produce a plain-language voter guide for every line below the top race.,Obtain your actual sample ballot for a real election and produce a plain-language voter guide for every line below the top race.
Civic Leadership Legacy : Louisiana,"Elections, voice and the ballot in Louisiana",EV-15,11–12,Lead,Election Steward,The ballot below the headlines,"Produce the plain-language guide for the full ballot, have two voters test it, and publish it where your parish's voters would find it.",Obtain your actual sample ballot for a real election and produce a plain-language voter guide for every line below the top race.
Civic Leadership Legacy : Louisiana,"Elections, voice and the ballot in Louisiana",EV-16,K–2,Explorer,Election Steward,"Early, absentee and election day","Learn the three ways a grown-up can vote — early, by mail, on the day.","Build the complete voting plan (method, dates, place, documents) for two different real voters — one straightforward, one with a barrier such as mobility or absence."
Civic Leadership Legacy : Louisiana,"Elections, voice and the ballot in Louisiana",EV-17,3–5,Explorer,Election Steward,"Early, absentee and election day","Make a voting plan card for a grown-up you know — which way, which day, where, what to bring.","Build the complete voting plan (method, dates, place, documents) for two different real voters — one straightforward, one with a barrier such as mobility or absence."
Civic Leadership Legacy : Louisiana,"Elections, voice and the ballot in Louisiana",EV-18,6–8,Builder,Election Steward,"Early, absentee and election day","Build the complete voting plan — method, dates, place, documents — for two real voters, one with a barrier such as absence.","Build the complete voting plan (method, dates, place, documents) for two different real voters — one straightforward, one with a barrier such as mobility or absence."
Civic Leadership Legacy : Louisiana,"Elections, voice and the ballot in Louisiana",EV-19,9–10,Practitioner,Election Steward,"Early, absentee and election day","Build the complete voting plan (method, dates, place, documents) for two different real voters — one straightforward, one with a barrier such as mobility or absence.","Build the complete voting plan (method, dates, place, documents) for two different real voters — one straightforward, one with a barrier such as mobility or absence."
Civic Leadership Legacy : Louisiana,"Elections, voice and the ballot in Louisiana",EV-20,11–12,Lead,Election Steward,"Early, absentee and election day","Build plans for three voters with different barriers, help one of them vote lawfully for real, and write what the parish could change to make it easier.","Build the complete voting plan (method, dates, place, documents) for two different real voters — one straightforward, one with a barrier such as mobility or absence."
Civic Leadership Legacy : Louisiana,"Elections, voice and the ballot in Louisiana",EV-21,K–2,Explorer,Election Steward,Working the election,"Learn that neighbours run the voting place, and thank one who does.","Find your parish's actual requirements and application to serve as a poll commissioner or election worker, and submit or fully prepare it."
Civic Leadership Legacy : Louisiana,"Elections, voice and the ballot in Louisiana",EV-22,3–5,Explorer,Election Steward,Working the election,Find out what a poll worker does on election day and what a person needs to become one.,"Find your parish's actual requirements and application to serve as a poll commissioner or election worker, and submit or fully prepare it."
Civic Leadership Legacy : Louisiana,"Elections, voice and the ballot in Louisiana",EV-23,6–8,Builder,Election Steward,Working the election,"Find your parish's requirements and application to serve as a poll commissioner or election worker, and fully prepare it.","Find your parish's actual requirements and application to serve as a poll commissioner or election worker, and submit or fully prepare it."
Civic Leadership Legacy : Louisiana,"Elections, voice and the ballot in Louisiana",EV-24,9–10,Practitioner,Election Steward,Working the election,"Find your parish's actual requirements and application to serve as a poll commissioner or election worker, and submit or fully prepare it.","Find your parish's actual requirements and application to serve as a poll commissioner or election worker, and submit or fully prepare it."
Civic Leadership Legacy : Louisiana,"Elections, voice and the ballot in Louisiana",EV-25,11–12,Lead,Election Steward,Working the election,"Submit the application or complete the training for real where eligible, work or observe an election day, and write the report of what the job actually was.","Find your parish's actual requirements and application to serve as a poll commissioner or election worker, and submit or fully prepare it."
Civic Leadership Legacy : Louisiana,"Elections, voice and the ballot in Louisiana",EV-26,K–2,Explorer,Election Steward,"The campaign, honestly run",Run for class helper with one honest promise and a poster that tells the truth.,"Design a compliant campaign plan for a real or simulated parish-level office, including the actual filing requirements and one finance report drafted."
Civic Leadership Legacy : Louisiana,"Elections, voice and the ballot in Louisiana",EV-27,3–5,Explorer,Election Steward,"The campaign, honestly run","Run or plan a class election campaign with a fair rule list — what you may say, spend and promise.","Design a compliant campaign plan for a real or simulated parish-level office, including the actual filing requirements and one finance report drafted."
Civic Leadership Legacy : Louisiana,"Elections, voice and the ballot in Louisiana",EV-28,6–8,Builder,Election Steward,"The campaign, honestly run","Design a compliant campaign plan for a simulated parish-level office, including the real filing requirements.","Design a compliant campaign plan for a real or simulated parish-level office, including the actual filing requirements and one finance report drafted."
Civic Leadership Legacy : Louisiana,"Elections, voice and the ballot in Louisiana",EV-29,9–10,Practitioner,Election Steward,"The campaign, honestly run","Design a compliant campaign plan for a real or simulated parish-level office, including the actual filing requirements and one finance report drafted.","Design a compliant campaign plan for a real or simulated parish-level office, including the actual filing requirements and one finance report drafted."
Civic Leadership Legacy : Louisiana,"Elections, voice and the ballot in Louisiana",EV-30,11–12,Lead,Election Steward,"The campaign, honestly run","Design the plan, draft the filings and the first finance report to the real forms, and have a real campaign treasurer or clerk review them.","Design a compliant campaign plan for a real or simulated parish-level office, including the actual filing requirements and one finance report drafted."
Civic Leadership Legacy : Louisiana,"Elections, voice and the ballot in Louisiana",EV-31,K–2,Explorer,Election Steward,Money in the open,"Learn that when people run for office, they must say where their money came from.","Pull the actual campaign finance filings for one recent local race and report its top contributors and spending, with sources."
Civic Leadership Legacy : Louisiana,"Elections, voice and the ballot in Louisiana",EV-32,3–5,Explorer,Election Steward,Money in the open,"Look, with an adult, at one candidate's money report and find who gave the most.","Pull the actual campaign finance filings for one recent local race and report its top contributors and spending, with sources."
Civic Leadership Legacy : Louisiana,"Elections, voice and the ballot in Louisiana",EV-33,6–8,Builder,Election Steward,Money in the open,"Pull the campaign finance filings for one recent local race and report its top contributors and spending, with sources.","Pull the actual campaign finance filings for one recent local race and report its top contributors and spending, with sources."
Civic Leadership Legacy : Louisiana,"Elections, voice and the ballot in Louisiana",EV-34,9–10,Practitioner,Election Steward,Money in the open,"Pull the actual campaign finance filings for one recent local race and report its top contributors and spending, with sources.","Pull the actual campaign finance filings for one recent local race and report its top contributors and spending, with sources."
Civic Leadership Legacy : Louisiana,"Elections, voice and the ballot in Louisiana",EV-35,11–12,Lead,Election Steward,Money in the open,"Pull the filings for two candidates in one race, compare them, and write the fair, sourced summary a local paper could print.","Pull the actual campaign finance filings for one recent local race and report its top contributors and spending, with sources."
Civic Leadership Legacy : Louisiana,"Elections, voice and the ballot in Louisiana",EV-36,K–2,Explorer,Election Steward,The organized ask,Get three friends to agree on one change for the class and ask the teacher together.,"Organize or fully plan an issue campaign for one concrete local change: the target decision-maker, the coalition map, and the vote count you need."
Civic Leadership Legacy : Louisiana,"Elections, voice and the ballot in Louisiana",EV-37,3–5,Explorer,Election Steward,The organized ask,"Plan an ask for one real change at school — who decides, who is with you, how many you need — and make the ask.","Organize or fully plan an issue campaign for one concrete local change: the target decision-maker, the coalition map, and the vote count you need."
Civic Leadership Legacy : Louisiana,"Elections, voice and the ballot in Louisiana",EV-38,6–8,Builder,Election Steward,The organized ask,"Fully plan an issue campaign for one concrete local change: the decision-maker, the coalition map, and the vote count you need.","Organize or fully plan an issue campaign for one concrete local change: the target decision-maker, the coalition map, and the vote count you need."
Civic Leadership Legacy : Louisiana,"Elections, voice and the ballot in Louisiana",EV-39,9–10,Practitioner,Election Steward,The organized ask,"Organize or fully plan an issue campaign for one concrete local change: the target decision-maker, the coalition map, and the vote count you need.","Organize or fully plan an issue campaign for one concrete local change: the target decision-maker, the coalition map, and the vote count you need."
Civic Leadership Legacy : Louisiana,"Elections, voice and the ballot in Louisiana",EV-40,11–12,Lead,Election Steward,The organized ask,"Run the campaign for real to a decision point, keep the count, and write what the count predicted right and wrong.","Organize or fully plan an issue campaign for one concrete local change: the target decision-maker, the coalition map, and the vote count you need."
Civic Leadership Legacy : Louisiana,"Elections, voice and the ballot in Louisiana",EV-41,K–2,Explorer,Election Steward,Rumor season,"Learn that not everything people say about voting is true, and who to ask.","Fact-check three circulating election claims against the Secretary of State and parish officials' records, and publish the corrected version."
Civic Leadership Legacy : Louisiana,"Elections, voice and the ballot in Louisiana",EV-42,3–5,Explorer,Election Steward,Rumor season,Take one thing people say about voting and check it with an adult on the official website.,"Fact-check three circulating election claims against the Secretary of State and parish officials' records, and publish the corrected version."
Civic Leadership Legacy : Louisiana,"Elections, voice and the ballot in Louisiana",EV-43,6–8,Builder,Election Steward,Rumor season,"Fact-check three circulating election claims against the Secretary of State and parish officials' records, and write the corrected version.","Fact-check three circulating election claims against the Secretary of State and parish officials' records, and publish the corrected version."
Civic Leadership Legacy : Louisiana,"Elections, voice and the ballot in Louisiana",EV-44,9–10,Practitioner,Election Steward,Rumor season,"Fact-check three circulating election claims against the Secretary of State and parish officials' records, and publish the corrected version.","Fact-check three circulating election claims against the Secretary of State and parish officials' records, and publish the corrected version."
Civic Leadership Legacy : Louisiana,"Elections, voice and the ballot in Louisiana",EV-45,11–12,Lead,Election Steward,Rumor season,"Fact-check five claims, publish the corrections, and write the guide to the recurring claims a parish sees every cycle with the source that settles each.","Fact-check three circulating election claims against the Secretary of State and parish officials' records, and publish the corrected version."
Civic Leadership Legacy : Louisiana,"Elections, voice and the ballot in Louisiana",EV-46,K–2,Explorer,Election Steward,After the count,"Learn that after voting, the counts are checked before the winner is announced.","Trace one real Louisiana race's path from election night to certified result, naming each step and any challenge lodged."
Civic Leadership Legacy : Louisiana,"Elections, voice and the ballot in Louisiana",EV-47,3–5,Explorer,Election Steward,After the count,Put the steps in order from voting day to the winner being official.,"Trace one real Louisiana race's path from election night to certified result, naming each step and any challenge lodged."
Civic Leadership Legacy : Louisiana,"Elections, voice and the ballot in Louisiana",EV-48,6–8,Builder,Election Steward,After the count,"Trace one real Louisiana race's path from election night to certified result, naming each step and any challenge.","Trace one real Louisiana race's path from election night to certified result, naming each step and any challenge lodged."
Civic Leadership Legacy : Louisiana,"Elections, voice and the ballot in Louisiana",EV-49,9–10,Practitioner,Election Steward,After the count,"Trace one real Louisiana race's path from election night to certified result, naming each step and any challenge lodged.","Trace one real Louisiana race's path from election night to certified result, naming each step and any challenge lodged."
Civic Leadership Legacy : Louisiana,"Elections, voice and the ballot in Louisiana",EV-50,11–12,Lead,Election Steward,After the count,"Trace a contested race, explain what a citizen may lawfully question and how, and write the plain-language explainer of the certification steps.","Trace one real Louisiana race's path from election night to certified result, naming each step and any challenge lodged."
Civic Leadership Legacy : Louisiana,"Water, storm and the civic machine",WS-1,K–2,Explorer,Coastal Civics Lead,A state built on water,"Find the water near where you live — the bayou, the river, the canal — and draw where it goes.","Map the waterways that shape your own parish — drainage, navigation, flood risk — and explain one civic decision each has forced."
Civic Leadership Legacy : Louisiana,"Water, storm and the civic machine",WS-2,3–5,Explorer,Coastal Civics Lead,A state built on water,Map the waterways in your parish and say one thing people had to decide because of each.,"Map the waterways that shape your own parish — drainage, navigation, flood risk — and explain one civic decision each has forced."
Civic Leadership Legacy : Louisiana,"Water, storm and the civic machine",WS-3,6–8,Builder,Coastal Civics Lead,A state built on water,"Map the waterways that shape your parish — drainage, navigation, flood risk — and explain one civic decision each has forced.","Map the waterways that shape your own parish — drainage, navigation, flood risk — and explain one civic decision each has forced."
Civic Leadership Legacy : Louisiana,"Water, storm and the civic machine",WS-4,9–10,Practitioner,Coastal Civics Lead,A state built on water,"Map the waterways that shape your own parish — drainage, navigation, flood risk — and explain one civic decision each has forced.","Map the waterways that shape your own parish — drainage, navigation, flood risk — and explain one civic decision each has forced."
Civic Leadership Legacy : Louisiana,"Water, storm and the civic machine",WS-5,11–12,Lead,Coastal Civics Lead,A state built on water,"Map the waterways, explain the decisions, and present the water map to a parish body or class as the frame for one live decision.","Map the waterways that shape your own parish — drainage, navigation, flood risk — and explain one civic decision each has forced."
Civic Leadership Legacy : Louisiana,"Water, storm and the civic machine",WS-6,K–2,Explorer,Coastal Civics Lead,The levee and its board,Learn what a levee is and find one near you with an adult.,"Identify the levee or drainage authority protecting your area, attend or review one of its meetings, and report the state of one structure it maintains."
Civic Leadership Legacy : Louisiana,"Water, storm and the civic machine",WS-7,3–5,Explorer,Coastal Civics Lead,The levee and its board,Find out who looks after the levee or drainage near you and what they fixed last year.,"Identify the levee or drainage authority protecting your area, attend or review one of its meetings, and report the state of one structure it maintains."
Civic Leadership Legacy : Louisiana,"Water, storm and the civic machine",WS-8,6–8,Builder,Coastal Civics Lead,The levee and its board,"Identify the levee or drainage authority protecting your area, review one of its meetings, and report the state of one structure it maintains.","Identify the levee or drainage authority protecting your area, attend or review one of its meetings, and report the state of one structure it maintains."
Civic Leadership Legacy : Louisiana,"Water, storm and the civic machine",WS-9,9–10,Practitioner,Coastal Civics Lead,The levee and its board,"Identify the levee or drainage authority protecting your area, attend or review one of its meetings, and report the state of one structure it maintains.","Identify the levee or drainage authority protecting your area, attend or review one of its meetings, and report the state of one structure it maintains."
Civic Leadership Legacy : Louisiana,"Water, storm and the civic machine",WS-10,11–12,Lead,Coastal Civics Lead,The levee and its board,"Attend a levee board meeting, review its engineer's report, and write the resident's summary of the structure's condition and the board's plan.","Identify the levee or drainage authority protecting your area, attend or review one of its meetings, and report the state of one structure it maintains."
Civic Leadership Legacy : Louisiana,"Water, storm and the civic machine",WS-11,K–2,Explorer,Coastal Civics Lead,The coast that is leaving,"Look at two maps of the coast, old and new, and say what has changed.","From the current Coastal Master Plan's own documents, summarise one project nearest your parish — its cost, purpose and status."
Civic Leadership Legacy : Louisiana,"Water, storm and the civic machine",WS-12,3–5,Explorer,Coastal Civics Lead,The coast that is leaving,Find the coastal project nearest your parish on the state's map and say what it is meant to do.,"From the current Coastal Master Plan's own documents, summarise one project nearest your parish — its cost, purpose and status."
Civic Leadership Legacy : Louisiana,"Water, storm and the civic machine",WS-13,6–8,Builder,Coastal Civics Lead,The coast that is leaving,"From the Coastal Master Plan's documents, summarise the project nearest your parish — its cost, purpose and status.","From the current Coastal Master Plan's own documents, summarise one project nearest your parish — its cost, purpose and status."
Civic Leadership Legacy : Louisiana,"Water, storm and the civic machine",WS-14,9–10,Practitioner,Coastal Civics Lead,The coast that is leaving,"From the current Coastal Master Plan's own documents, summarise one project nearest your parish — its cost, purpose and status.","From the current Coastal Master Plan's own documents, summarise one project nearest your parish — its cost, purpose and status."
Civic Leadership Legacy : Louisiana,"Water, storm and the civic machine",WS-15,11–12,Lead,Coastal Civics Lead,The coast that is leaving,"Summarise the nearest project and one alternative the plan rejected, and present the trade-off to an audience with a stake in it.","From the current Coastal Master Plan's own documents, summarise one project nearest your parish — its cost, purpose and status."
Civic Leadership Legacy : Louisiana,"Water, storm and the civic machine",WS-16,K–2,Explorer,Coastal Civics Lead,The storm before the storm,Learn where your family goes when a hurricane comes and practise packing your bag.,"Build your household's hurricane plan against the parish's actual evacuation guidance — zone, route, trigger and destination — and rehearse the leave decision."
Civic Leadership Legacy : Louisiana,"Water, storm and the civic machine",WS-17,3–5,Explorer,Coastal Civics Lead,The storm before the storm,"Make your family's hurricane card — zone, route, when we go, where we go — from the parish's guidance.","Build your household's hurricane plan against the parish's actual evacuation guidance — zone, route, trigger and destination — and rehearse the leave decision."
Civic Leadership Legacy : Louisiana,"Water, storm and the civic machine",WS-18,6–8,Builder,Coastal Civics Lead,The storm before the storm,"Build your household's hurricane plan against the parish's evacuation guidance — zone, route, trigger, destination — and rehearse it.","Build your household's hurricane plan against the parish's actual evacuation guidance — zone, route, trigger and destination — and rehearse the leave decision."
Civic Leadership Legacy : Louisiana,"Water, storm and the civic machine",WS-19,9–10,Practitioner,Coastal Civics Lead,The storm before the storm,"Build your household's hurricane plan against the parish's actual evacuation guidance — zone, route, trigger and destination — and rehearse the leave decision.","Build your household's hurricane plan against the parish's actual evacuation guidance — zone, route, trigger and destination — and rehearse the leave decision."
Civic Leadership Legacy : Louisiana,"Water, storm and the civic machine",WS-20,11–12,Lead,Coastal Civics Lead,The storm before the storm,"Build the plan for a household with a barrier to leaving, rehearse it, and write the parish-level question about who decides the go time.","Build your household's hurricane plan against the parish's actual evacuation guidance — zone, route, trigger and destination — and rehearse the leave decision."
Civic Leadership Legacy : Louisiana,"Water, storm and the civic machine",WS-21,K–2,Explorer,Coastal Civics Lead,"Shelter, rescue and the neighbour with a boat",Learn who the official helpers are in a storm and that neighbours help too.,"Map your parish's actual emergency structure — the office, the alerts, the shelters — and register with or document one legitimate volunteer route into it."
Civic Leadership Legacy : Louisiana,"Water, storm and the civic machine",WS-22,3–5,Explorer,Coastal Civics Lead,"Shelter, rescue and the neighbour with a boat","Map the shelters and the emergency office in your parish, and find where alerts come from.","Map your parish's actual emergency structure — the office, the alerts, the shelters — and register with or document one legitimate volunteer route into it."
Civic Leadership Legacy : Louisiana,"Water, storm and the civic machine",WS-23,6–8,Builder,Coastal Civics Lead,"Shelter, rescue and the neighbour with a boat","Map your parish's emergency structure — the office, the alerts, the shelters — and document one legitimate volunteer route into it.","Map your parish's actual emergency structure — the office, the alerts, the shelters — and register with or document one legitimate volunteer route into it."
Civic Leadership Legacy : Louisiana,"Water, storm and the civic machine",WS-24,9–10,Practitioner,Coastal Civics Lead,"Shelter, rescue and the neighbour with a boat","Map your parish's actual emergency structure — the office, the alerts, the shelters — and register with or document one legitimate volunteer route into it.","Map your parish's actual emergency structure — the office, the alerts, the shelters — and register with or document one legitimate volunteer route into it."
Civic Leadership Legacy : Louisiana,"Water, storm and the civic machine",WS-25,11–12,Lead,Coastal Civics Lead,"Shelter, rescue and the neighbour with a boat","Map the structure, register with a volunteer route for real, and write how the official and citizen responses are meant to coordinate, with one case where they did not.","Map your parish's actual emergency structure — the office, the alerts, the shelters — and register with or document one legitimate volunteer route into it."
Civic Leadership Legacy : Louisiana,"Water, storm and the civic machine",WS-26,K–2,Explorer,Coastal Civics Lead,After the water: the recovery ledger,Hear the story of a Louisiana storm and what people needed afterwards.,"From one documented Louisiana disaster, chart the recovery programs that operated and identify, with evidence, one group the paperwork left behind."
Civic Leadership Legacy : Louisiana,"Water, storm and the civic machine",WS-27,3–5,Explorer,Coastal Civics Lead,After the water: the recovery ledger,"From one Louisiana storm, list the kinds of help people got and one group that had a hard time getting it.","From one documented Louisiana disaster, chart the recovery programs that operated and identify, with evidence, one group the paperwork left behind."
Civic Leadership Legacy : Louisiana,"Water, storm and the civic machine",WS-28,6–8,Builder,Coastal Civics Lead,After the water: the recovery ledger,"From one documented Louisiana disaster, chart the recovery programs that operated and identify one group the paperwork left behind.","From one documented Louisiana disaster, chart the recovery programs that operated and identify, with evidence, one group the paperwork left behind."
Civic Leadership Legacy : Louisiana,"Water, storm and the civic machine",WS-29,9–10,Practitioner,Coastal Civics Lead,After the water: the recovery ledger,"From one documented Louisiana disaster, chart the recovery programs that operated and identify, with evidence, one group the paperwork left behind.","From one documented Louisiana disaster, chart the recovery programs that operated and identify, with evidence, one group the paperwork left behind."
Civic Leadership Legacy : Louisiana,"Water, storm and the civic machine",WS-30,11–12,Lead,Coastal Civics Lead,After the water: the recovery ledger,"Chart the programs, document the group left behind, and draft the one change to a form or rule that would have reached them.","From one documented Louisiana disaster, chart the recovery programs that operated and identify, with evidence, one group the paperwork left behind."
Civic Leadership Legacy : Louisiana,"Water, storm and the civic machine",WS-31,K–2,Explorer,Coastal Civics Lead,The insurance problem on every kitchen table,Learn that grown-ups pay for a promise that a house will be fixed after a storm.,"Analyse one real or sample Louisiana homeowner's coverage for wind and flood gaps, and summarise the current public options a resident could turn to."
Civic Leadership Legacy : Louisiana,"Water, storm and the civic machine",WS-32,3–5,Explorer,Coastal Civics Lead,The insurance problem on every kitchen table,Look at a sample home policy with an adult and find whether wind and flood are covered.,"Analyse one real or sample Louisiana homeowner's coverage for wind and flood gaps, and summarise the current public options a resident could turn to."
Civic Leadership Legacy : Louisiana,"Water, storm and the civic machine",WS-33,6–8,Builder,Coastal Civics Lead,The insurance problem on every kitchen table,"Analyse a sample Louisiana homeowner's coverage for wind and flood gaps, and summarise the public options a resident could use.","Analyse one real or sample Louisiana homeowner's coverage for wind and flood gaps, and summarise the current public options a resident could turn to."
Civic Leadership Legacy : Louisiana,"Water, storm and the civic machine",WS-34,9–10,Practitioner,Coastal Civics Lead,The insurance problem on every kitchen table,"Analyse one real or sample Louisiana homeowner's coverage for wind and flood gaps, and summarise the current public options a resident could turn to.","Analyse one real or sample Louisiana homeowner's coverage for wind and flood gaps, and summarise the current public options a resident could turn to."
Civic Leadership Legacy : Louisiana,"Water, storm and the civic machine",WS-35,11–12,Lead,Coastal Civics Lead,The insurance problem on every kitchen table,"Analyse two policies, summarise the public options, and present insurance as a civic issue to a parish audience with the current numbers.","Analyse one real or sample Louisiana homeowner's coverage for wind and flood gaps, and summarise the current public options a resident could turn to."
Civic Leadership Legacy : Louisiana,"Water, storm and the civic machine",WS-36,K–2,Explorer,Coastal Civics Lead,Industry on the water,"Name one big workplace on the water near you — the port, the plant, the boats — and what it makes or moves.","Profile one real water-dependent industry site near your parish: its jobs and taxes, its permits, and one live controversy documented from both sides."
Civic Leadership Legacy : Louisiana,"Water, storm and the civic machine",WS-37,3–5,Explorer,Coastal Civics Lead,Industry on the water,"Profile one water workplace near your parish — the jobs, what it needs a permit for, and one thing people argue about.","Profile one real water-dependent industry site near your parish: its jobs and taxes, its permits, and one live controversy documented from both sides."
Civic Leadership Legacy : Louisiana,"Water, storm and the civic machine",WS-38,6–8,Builder,Coastal Civics Lead,Industry on the water,"Profile one real water-dependent industry site near your parish: jobs, taxes, permits, and one live controversy from both sides.","Profile one real water-dependent industry site near your parish: its jobs and taxes, its permits, and one live controversy documented from both sides."
Civic Leadership Legacy : Louisiana,"Water, storm and the civic machine",WS-39,9–10,Practitioner,Coastal Civics Lead,Industry on the water,"Profile one real water-dependent industry site near your parish: its jobs and taxes, its permits, and one live controversy documented from both sides.","Profile one real water-dependent industry site near your parish: its jobs and taxes, its permits, and one live controversy documented from both sides."
Civic Leadership Legacy : Louisiana,"Water, storm and the civic machine",WS-40,11–12,Lead,Coastal Civics Lead,Industry on the water,"Profile the site, interview one person on each side of the controversy, and write the balanced brief a council member could use.","Profile one real water-dependent industry site near your parish: its jobs and taxes, its permits, and one live controversy documented from both sides."
Civic Leadership Legacy : Louisiana,"Water, storm and the civic machine",WS-41,K–2,Explorer,Coastal Civics Lead,Environmental voice,Learn that people can say what they think before a big thing is built near them.,Find one real open permit or comment period affecting your region and submit (or fully draft) a substantive comment in the required form.
Civic Leadership Legacy : Louisiana,"Water, storm and the civic machine",WS-42,3–5,Explorer,Coastal Civics Lead,Environmental voice,Find one open comment period near your parish and write two sentences you would send.,Find one real open permit or comment period affecting your region and submit (or fully draft) a substantive comment in the required form.
Civic Leadership Legacy : Louisiana,"Water, storm and the civic machine",WS-43,6–8,Builder,Coastal Civics Lead,Environmental voice,Find one real open permit or comment period affecting your region and fully draft a substantive comment in the required form.,Find one real open permit or comment period affecting your region and submit (or fully draft) a substantive comment in the required form.
Civic Leadership Legacy : Louisiana,"Water, storm and the civic machine",WS-44,9–10,Practitioner,Coastal Civics Lead,Environmental voice,Find one real open permit or comment period affecting your region and submit (or fully draft) a substantive comment in the required form.,Find one real open permit or comment period affecting your region and submit (or fully draft) a substantive comment in the required form.
Civic Leadership Legacy : Louisiana,"Water, storm and the civic machine",WS-45,11–12,Lead,Coastal Civics Lead,Environmental voice,"Submit a substantive comment for real, track the agency's response, and write the guide to commenting that a fence-line community group could use.",Find one real open permit or comment period affecting your region and submit (or fully draft) a substantive comment in the required form.
Civic Leadership Legacy : Louisiana,"Water, storm and the civic machine",WS-46,K–2,Explorer,Coastal Civics Lead,Leading a place that floods,Talk about a place near you that floods and say two things people could do about it.,"Run or present a structured deliberation on one real local water decision — options, trade-offs, affected voices — and deliver the recommendation you would defend in public."
Civic Leadership Legacy : Louisiana,"Water, storm and the civic machine",WS-47,3–5,Explorer,Coastal Civics Lead,Leading a place that floods,"Hold a class debate on one real water problem near you — protect, move or leave alone — and vote.","Run or present a structured deliberation on one real local water decision — options, trade-offs, affected voices — and deliver the recommendation you would defend in public."
Civic Leadership Legacy : Louisiana,"Water, storm and the civic machine",WS-48,6–8,Builder,Coastal Civics Lead,Leading a place that floods,"Present a structured deliberation on one real local water decision — options, trade-offs, affected voices — and give your recommendation.","Run or present a structured deliberation on one real local water decision — options, trade-offs, affected voices — and deliver the recommendation you would defend in public."
Civic Leadership Legacy : Louisiana,"Water, storm and the civic machine",WS-49,9–10,Practitioner,Coastal Civics Lead,Leading a place that floods,"Run or present a structured deliberation on one real local water decision — options, trade-offs, affected voices — and deliver the recommendation you would defend in public.","Run or present a structured deliberation on one real local water decision — options, trade-offs, affected voices — and deliver the recommendation you would defend in public."
Civic Leadership Legacy : Louisiana,"Water, storm and the civic machine",WS-50,11–12,Lead,Coastal Civics Lead,Leading a place that floods,"Run the deliberation with real affected residents in the room, deliver the recommendation to a parish body, and record what changed your mind.","Run or present a structured deliberation on one real local water decision — options, trade-offs, affected voices — and deliver the recommendation you would defend in public."
