pack,track,code,grade,level,credential,theme,description,transfer_check
SmartCiti.X : First Responder,The fire service: reading a building before it burns,FS-1,K–2,Explorer,Fire Service Reader,Reading a scene before anyone touches it,"The first thing a fire officer does is look, and say out loud what they see — how big, what is burning, what is threatened, what is needed. Naming a situation accurately is the skill under every decision that follows. — at K–2","From the public sidewalk, describe one building near your home in four sentences: how many floors, how many ways out that you can see, what is next to it, and what would be hard about it. Do not enter or approach."
SmartCiti.X : First Responder,The fire service: reading a building before it burns,FS-2,3–5,Explorer,Fire Service Reader,Reading a scene before anyone touches it,"The first thing a fire officer does is look, and say out loud what they see — how big, what is burning, what is threatened, what is needed. Naming a situation accurately is the skill under every decision that follows. — at 3–5","From the public sidewalk, describe one building near your home in four sentences: how many floors, how many ways out that you can see, what is next to it, and what would be hard about it. Do not enter or approach."
SmartCiti.X : First Responder,The fire service: reading a building before it burns,FS-3,6–8,Builder,Fire Service Reader,Reading a scene before anyone touches it,"The first thing a fire officer does is look, and say out loud what they see — how big, what is burning, what is threatened, what is needed. Naming a situation accurately is the skill under every decision that follows. — at 6–8","From the public sidewalk, describe one building near your home in four sentences: how many floors, how many ways out that you can see, what is next to it, and what would be hard about it. Do not enter or approach."
SmartCiti.X : First Responder,The fire service: reading a building before it burns,FS-4,9–10,Practitioner,Fire Service Reader,Reading a scene before anyone touches it,"The first thing a fire officer does is look, and say out loud what they see — how big, what is burning, what is threatened, what is needed. Naming a situation accurately is the skill under every decision that follows. — at 9–10","From the public sidewalk, describe one building near your home in four sentences: how many floors, how many ways out that you can see, what is next to it, and what would be hard about it. Do not enter or approach."
SmartCiti.X : First Responder,The fire service: reading a building before it burns,FS-5,11–12,Lead,Fire Service Reader,Reading a scene before anyone touches it,"The first thing a fire officer does is look, and say out loud what they see — how big, what is burning, what is threatened, what is needed. Naming a situation accurately is the skill under every decision that follows. — at 11–12","From the public sidewalk, describe one building near your home in four sentences: how many floors, how many ways out that you can see, what is next to it, and what would be hard about it. Do not enter or approach."
SmartCiti.X : First Responder,The fire service: reading a building before it burns,FS-6,K–2,Explorer,Fire Service Reader,"Somebody is in charge, and you can tell who","Every incident has one person holding command, and command gets handed over out loud so nobody is ever unsure. The point is not rank; it is that the answer to 'who decides' is never ambiguous. — at K–2","Find your fire department's published organisation chart or annual report and write down who would be in charge of a large incident, and who takes over if that person hands off."
SmartCiti.X : First Responder,The fire service: reading a building before it burns,FS-7,3–5,Explorer,Fire Service Reader,"Somebody is in charge, and you can tell who","Every incident has one person holding command, and command gets handed over out loud so nobody is ever unsure. The point is not rank; it is that the answer to 'who decides' is never ambiguous. — at 3–5","Find your fire department's published organisation chart or annual report and write down who would be in charge of a large incident, and who takes over if that person hands off."
SmartCiti.X : First Responder,The fire service: reading a building before it burns,FS-8,6–8,Builder,Fire Service Reader,"Somebody is in charge, and you can tell who","Every incident has one person holding command, and command gets handed over out loud so nobody is ever unsure. The point is not rank; it is that the answer to 'who decides' is never ambiguous. — at 6–8","Find your fire department's published organisation chart or annual report and write down who would be in charge of a large incident, and who takes over if that person hands off."
SmartCiti.X : First Responder,The fire service: reading a building before it burns,FS-9,9–10,Practitioner,Fire Service Reader,"Somebody is in charge, and you can tell who","Every incident has one person holding command, and command gets handed over out loud so nobody is ever unsure. The point is not rank; it is that the answer to 'who decides' is never ambiguous. — at 9–10","Find your fire department's published organisation chart or annual report and write down who would be in charge of a large incident, and who takes over if that person hands off."
SmartCiti.X : First Responder,The fire service: reading a building before it burns,FS-10,11–12,Lead,Fire Service Reader,"Somebody is in charge, and you can tell who","Every incident has one person holding command, and command gets handed over out loud so nobody is ever unsure. The point is not rank; it is that the answer to 'who decides' is never ambiguous. — at 11–12","Find your fire department's published organisation chart or annual report and write down who would be in charge of a large incident, and who takes over if that person hands off."
SmartCiti.X : First Responder,The fire service: reading a building before it burns,FS-11,K–2,Explorer,Fire Service Reader,"Nobody goes in alone, and everybody comes out","Crews stay together and are counted. A head-count that happens on a schedule, not when somebody feels uneasy, is what turns a missing person into a known fact within minutes. — at K–2","Agree a meeting point outside your home with everyone who lives there, and walk to it together from two different rooms. Write down how long the second route took."
SmartCiti.X : First Responder,The fire service: reading a building before it burns,FS-12,3–5,Explorer,Fire Service Reader,"Nobody goes in alone, and everybody comes out","Crews stay together and are counted. A head-count that happens on a schedule, not when somebody feels uneasy, is what turns a missing person into a known fact within minutes. — at 3–5","Agree a meeting point outside your home with everyone who lives there, and walk to it together from two different rooms. Write down how long the second route took."
SmartCiti.X : First Responder,The fire service: reading a building before it burns,FS-13,6–8,Builder,Fire Service Reader,"Nobody goes in alone, and everybody comes out","Crews stay together and are counted. A head-count that happens on a schedule, not when somebody feels uneasy, is what turns a missing person into a known fact within minutes. — at 6–8","Agree a meeting point outside your home with everyone who lives there, and walk to it together from two different rooms. Write down how long the second route took."
SmartCiti.X : First Responder,The fire service: reading a building before it burns,FS-14,9–10,Practitioner,Fire Service Reader,"Nobody goes in alone, and everybody comes out","Crews stay together and are counted. A head-count that happens on a schedule, not when somebody feels uneasy, is what turns a missing person into a known fact within minutes. — at 9–10","Agree a meeting point outside your home with everyone who lives there, and walk to it together from two different rooms. Write down how long the second route took."
SmartCiti.X : First Responder,The fire service: reading a building before it burns,FS-15,11–12,Lead,Fire Service Reader,"Nobody goes in alone, and everybody comes out","Crews stay together and are counted. A head-count that happens on a schedule, not when somebody feels uneasy, is what turns a missing person into a known fact within minutes. — at 11–12","Agree a meeting point outside your home with everyone who lives there, and walk to it together from two different rooms. Write down how long the second route took."
SmartCiti.X : First Responder,The fire service: reading a building before it burns,FS-16,K–2,Explorer,Fire Service Reader,Air is a countdown,"A firefighter's breathing air is a consumable measured in minutes, and the minutes spend faster when the work is harder. Treating a resource as a clock rather than a supply changes when you decide to leave. — at K–2","Set a timer for eight minutes and do a physical household chore without stopping. Write down what you had left to do when it rang, and what you would have cut."
SmartCiti.X : First Responder,The fire service: reading a building before it burns,FS-17,3–5,Explorer,Fire Service Reader,Air is a countdown,"A firefighter's breathing air is a consumable measured in minutes, and the minutes spend faster when the work is harder. Treating a resource as a clock rather than a supply changes when you decide to leave. — at 3–5","Set a timer for eight minutes and do a physical household chore without stopping. Write down what you had left to do when it rang, and what you would have cut."
SmartCiti.X : First Responder,The fire service: reading a building before it burns,FS-18,6–8,Builder,Fire Service Reader,Air is a countdown,"A firefighter's breathing air is a consumable measured in minutes, and the minutes spend faster when the work is harder. Treating a resource as a clock rather than a supply changes when you decide to leave. — at 6–8","Set a timer for eight minutes and do a physical household chore without stopping. Write down what you had left to do when it rang, and what you would have cut."
SmartCiti.X : First Responder,The fire service: reading a building before it burns,FS-19,9–10,Practitioner,Fire Service Reader,Air is a countdown,"A firefighter's breathing air is a consumable measured in minutes, and the minutes spend faster when the work is harder. Treating a resource as a clock rather than a supply changes when you decide to leave. — at 9–10","Set a timer for eight minutes and do a physical household chore without stopping. Write down what you had left to do when it rang, and what you would have cut."
SmartCiti.X : First Responder,The fire service: reading a building before it burns,FS-20,11–12,Lead,Fire Service Reader,Air is a countdown,"A firefighter's breathing air is a consumable measured in minutes, and the minutes spend faster when the work is harder. Treating a resource as a clock rather than a supply changes when you decide to leave. — at 11–12","Set a timer for eight minutes and do a physical household chore without stopping. Write down what you had left to do when it rang, and what you would have cut."
SmartCiti.X : First Responder,The fire service: reading a building before it burns,FS-21,K–2,Explorer,Fire Service Reader,What a building is made of decides what it does,"A building's construction type predicts how it behaves under fire — what holds, what fails, and how fast. The material is not a detail; it is the forecast. — at K–2","From public ground, identify three buildings near you and write what each looks like it is built from. Then find one published source describing construction in your area and note where you agreed or were wrong."
SmartCiti.X : First Responder,The fire service: reading a building before it burns,FS-22,3–5,Explorer,Fire Service Reader,What a building is made of decides what it does,"A building's construction type predicts how it behaves under fire — what holds, what fails, and how fast. The material is not a detail; it is the forecast. — at 3–5","From public ground, identify three buildings near you and write what each looks like it is built from. Then find one published source describing construction in your area and note where you agreed or were wrong."
SmartCiti.X : First Responder,The fire service: reading a building before it burns,FS-23,6–8,Builder,Fire Service Reader,What a building is made of decides what it does,"A building's construction type predicts how it behaves under fire — what holds, what fails, and how fast. The material is not a detail; it is the forecast. — at 6–8","From public ground, identify three buildings near you and write what each looks like it is built from. Then find one published source describing construction in your area and note where you agreed or were wrong."
SmartCiti.X : First Responder,The fire service: reading a building before it burns,FS-24,9–10,Practitioner,Fire Service Reader,What a building is made of decides what it does,"A building's construction type predicts how it behaves under fire — what holds, what fails, and how fast. The material is not a detail; it is the forecast. — at 9–10","From public ground, identify three buildings near you and write what each looks like it is built from. Then find one published source describing construction in your area and note where you agreed or were wrong."
SmartCiti.X : First Responder,The fire service: reading a building before it burns,FS-25,11–12,Lead,Fire Service Reader,What a building is made of decides what it does,"A building's construction type predicts how it behaves under fire — what holds, what fails, and how fast. The material is not a detail; it is the forecast. — at 11–12","From public ground, identify three buildings near you and write what each looks like it is built from. Then find one published source describing construction in your area and note where you agreed or were wrong."
SmartCiti.X : First Responder,The fire service: reading a building before it burns,FS-26,K–2,Explorer,Fire Service Reader,Where you park decides what you can do next,"Positioning is a commitment. An apparatus placed for one tactic forecloses others, and the decision has to be made early with incomplete information. — at K–2","Find the fire hydrant nearest your home on a map, then check from the pavement whether anything is parked or grown in front of it. Write what you found."
SmartCiti.X : First Responder,The fire service: reading a building before it burns,FS-27,3–5,Explorer,Fire Service Reader,Where you park decides what you can do next,"Positioning is a commitment. An apparatus placed for one tactic forecloses others, and the decision has to be made early with incomplete information. — at 3–5","Find the fire hydrant nearest your home on a map, then check from the pavement whether anything is parked or grown in front of it. Write what you found."
SmartCiti.X : First Responder,The fire service: reading a building before it burns,FS-28,6–8,Builder,Fire Service Reader,Where you park decides what you can do next,"Positioning is a commitment. An apparatus placed for one tactic forecloses others, and the decision has to be made early with incomplete information. — at 6–8","Find the fire hydrant nearest your home on a map, then check from the pavement whether anything is parked or grown in front of it. Write what you found."
SmartCiti.X : First Responder,The fire service: reading a building before it burns,FS-29,9–10,Practitioner,Fire Service Reader,Where you park decides what you can do next,"Positioning is a commitment. An apparatus placed for one tactic forecloses others, and the decision has to be made early with incomplete information. — at 9–10","Find the fire hydrant nearest your home on a map, then check from the pavement whether anything is parked or grown in front of it. Write what you found."
SmartCiti.X : First Responder,The fire service: reading a building before it burns,FS-30,11–12,Lead,Fire Service Reader,Where you park decides what you can do next,"Positioning is a commitment. An apparatus placed for one tactic forecloses others, and the decision has to be made early with incomplete information. — at 11–12","Find the fire hydrant nearest your home on a map, then check from the pavement whether anything is parked or grown in front of it. Write what you found."
SmartCiti.X : First Responder,The fire service: reading a building before it burns,FS-31,K–2,Explorer,Fire Service Reader,Water has to come from somewhere,"Supply is finite and arrives through a chain — hydrant, tank, relay, drafting. Reasoning about a constraint you cannot see is a habit that transfers well beyond fire. — at K–2","Using your water utility's published material, write down where your household's water comes from before it reaches your tap, in as many steps as you can name."
SmartCiti.X : First Responder,The fire service: reading a building before it burns,FS-32,3–5,Explorer,Fire Service Reader,Water has to come from somewhere,"Supply is finite and arrives through a chain — hydrant, tank, relay, drafting. Reasoning about a constraint you cannot see is a habit that transfers well beyond fire. — at 3–5","Using your water utility's published material, write down where your household's water comes from before it reaches your tap, in as many steps as you can name."
SmartCiti.X : First Responder,The fire service: reading a building before it burns,FS-33,6–8,Builder,Fire Service Reader,Water has to come from somewhere,"Supply is finite and arrives through a chain — hydrant, tank, relay, drafting. Reasoning about a constraint you cannot see is a habit that transfers well beyond fire. — at 6–8","Using your water utility's published material, write down where your household's water comes from before it reaches your tap, in as many steps as you can name."
SmartCiti.X : First Responder,The fire service: reading a building before it burns,FS-34,9–10,Practitioner,Fire Service Reader,Water has to come from somewhere,"Supply is finite and arrives through a chain — hydrant, tank, relay, drafting. Reasoning about a constraint you cannot see is a habit that transfers well beyond fire. — at 9–10","Using your water utility's published material, write down where your household's water comes from before it reaches your tap, in as many steps as you can name."
SmartCiti.X : First Responder,The fire service: reading a building before it burns,FS-35,11–12,Lead,Fire Service Reader,Water has to come from somewhere,"Supply is finite and arrives through a chain — hydrant, tank, relay, drafting. Reasoning about a constraint you cannot see is a habit that transfers well beyond fire. — at 11–12","Using your water utility's published material, write down where your household's water comes from before it reaches your tap, in as many steps as you can name."
SmartCiti.X : First Responder,The fire service: reading a building before it burns,FS-36,K–2,Explorer,Fire Service Reader,Say it back: making sure you were heard,"Closed-loop communication means the receiver repeats the instruction and the sender confirms it. It is slower by design, because the failure it prevents is silent. — at K–2",Give a three-part instruction to someone at home and have them repeat it back before acting. Do it twice more. Write down what changed between the first and third try.
SmartCiti.X : First Responder,The fire service: reading a building before it burns,FS-37,3–5,Explorer,Fire Service Reader,Say it back: making sure you were heard,"Closed-loop communication means the receiver repeats the instruction and the sender confirms it. It is slower by design, because the failure it prevents is silent. — at 3–5",Give a three-part instruction to someone at home and have them repeat it back before acting. Do it twice more. Write down what changed between the first and third try.
SmartCiti.X : First Responder,The fire service: reading a building before it burns,FS-38,6–8,Builder,Fire Service Reader,Say it back: making sure you were heard,"Closed-loop communication means the receiver repeats the instruction and the sender confirms it. It is slower by design, because the failure it prevents is silent. — at 6–8",Give a three-part instruction to someone at home and have them repeat it back before acting. Do it twice more. Write down what changed between the first and third try.
SmartCiti.X : First Responder,The fire service: reading a building before it burns,FS-39,9–10,Practitioner,Fire Service Reader,Say it back: making sure you were heard,"Closed-loop communication means the receiver repeats the instruction and the sender confirms it. It is slower by design, because the failure it prevents is silent. — at 9–10",Give a three-part instruction to someone at home and have them repeat it back before acting. Do it twice more. Write down what changed between the first and third try.
SmartCiti.X : First Responder,The fire service: reading a building before it burns,FS-40,11–12,Lead,Fire Service Reader,Say it back: making sure you were heard,"Closed-loop communication means the receiver repeats the instruction and the sender confirms it. It is slower by design, because the failure it prevents is silent. — at 11–12",Give a three-part instruction to someone at home and have them repeat it back before acting. Do it twice more. Write down what changed between the first and third try.
SmartCiti.X : First Responder,The fire service: reading a building before it burns,FS-41,K–2,Explorer,Fire Service Reader,"What is worth risking, and for what","Risk is spent deliberately against what can still be saved — a lot for a savable life, little for property, nothing for what is already lost. Saying the frame out loud is what keeps it honest. — at K–2","Write down a decision your household made where safety and convenience pulled against each other, and state plainly what was risked and what was gained."
SmartCiti.X : First Responder,The fire service: reading a building before it burns,FS-42,3–5,Explorer,Fire Service Reader,"What is worth risking, and for what","Risk is spent deliberately against what can still be saved — a lot for a savable life, little for property, nothing for what is already lost. Saying the frame out loud is what keeps it honest. — at 3–5","Write down a decision your household made where safety and convenience pulled against each other, and state plainly what was risked and what was gained."
SmartCiti.X : First Responder,The fire service: reading a building before it burns,FS-43,6–8,Builder,Fire Service Reader,"What is worth risking, and for what","Risk is spent deliberately against what can still be saved — a lot for a savable life, little for property, nothing for what is already lost. Saying the frame out loud is what keeps it honest. — at 6–8","Write down a decision your household made where safety and convenience pulled against each other, and state plainly what was risked and what was gained."
SmartCiti.X : First Responder,The fire service: reading a building before it burns,FS-44,9–10,Practitioner,Fire Service Reader,"What is worth risking, and for what","Risk is spent deliberately against what can still be saved — a lot for a savable life, little for property, nothing for what is already lost. Saying the frame out loud is what keeps it honest. — at 9–10","Write down a decision your household made where safety and convenience pulled against each other, and state plainly what was risked and what was gained."
SmartCiti.X : First Responder,The fire service: reading a building before it burns,FS-45,11–12,Lead,Fire Service Reader,"What is worth risking, and for what","Risk is spent deliberately against what can still be saved — a lot for a savable life, little for property, nothing for what is already lost. Saying the frame out loud is what keeps it honest. — at 11–12","Write down a decision your household made where safety and convenience pulled against each other, and state plainly what was risked and what was gained."
SmartCiti.X : First Responder,The fire service: reading a building before it burns,FS-46,K–2,Explorer,Fire Service Reader,The danger that arrives years later,"Smoke leaves contaminants on gear, skin and equipment, and the harm shows up decades after the fire. Reducing exposure is a routine habit, not an emergency measure. — at K–2","Check the smoke alarms where you live: how many, where, and when each was last tested. Compare what you find against your fire department's published guidance."
SmartCiti.X : First Responder,The fire service: reading a building before it burns,FS-47,3–5,Explorer,Fire Service Reader,The danger that arrives years later,"Smoke leaves contaminants on gear, skin and equipment, and the harm shows up decades after the fire. Reducing exposure is a routine habit, not an emergency measure. — at 3–5","Check the smoke alarms where you live: how many, where, and when each was last tested. Compare what you find against your fire department's published guidance."
SmartCiti.X : First Responder,The fire service: reading a building before it burns,FS-48,6–8,Builder,Fire Service Reader,The danger that arrives years later,"Smoke leaves contaminants on gear, skin and equipment, and the harm shows up decades after the fire. Reducing exposure is a routine habit, not an emergency measure. — at 6–8","Check the smoke alarms where you live: how many, where, and when each was last tested. Compare what you find against your fire department's published guidance."
SmartCiti.X : First Responder,The fire service: reading a building before it burns,FS-49,9–10,Practitioner,Fire Service Reader,The danger that arrives years later,"Smoke leaves contaminants on gear, skin and equipment, and the harm shows up decades after the fire. Reducing exposure is a routine habit, not an emergency measure. — at 9–10","Check the smoke alarms where you live: how many, where, and when each was last tested. Compare what you find against your fire department's published guidance."
SmartCiti.X : First Responder,The fire service: reading a building before it burns,FS-50,11–12,Lead,Fire Service Reader,The danger that arrives years later,"Smoke leaves contaminants on gear, skin and equipment, and the harm shows up decades after the fire. Reducing exposure is a routine habit, not an emergency measure. — at 11–12","Check the smoke alarms where you live: how many, where, and when each was last tested. Compare what you find against your fire department's published guidance."
SmartCiti.X : First Responder,"Law enforcement: authority, limits and accountability",PS-1,K–2,Explorer,Public Safety Civics Reader,"Where the authority comes from, and where it stops","Police powers are granted by law and bounded by it. Knowing the source of an authority and its edge is the beginning of civic literacy, for officers and for everyone else. — at K–2","Find the published law or charter that establishes the police agency serving your area, and write down one power it grants and one limit it places."
SmartCiti.X : First Responder,"Law enforcement: authority, limits and accountability",PS-2,3–5,Explorer,Public Safety Civics Reader,"Where the authority comes from, and where it stops","Police powers are granted by law and bounded by it. Knowing the source of an authority and its edge is the beginning of civic literacy, for officers and for everyone else. — at 3–5","Find the published law or charter that establishes the police agency serving your area, and write down one power it grants and one limit it places."
SmartCiti.X : First Responder,"Law enforcement: authority, limits and accountability",PS-3,6–8,Builder,Public Safety Civics Reader,"Where the authority comes from, and where it stops","Police powers are granted by law and bounded by it. Knowing the source of an authority and its edge is the beginning of civic literacy, for officers and for everyone else. — at 6–8","Find the published law or charter that establishes the police agency serving your area, and write down one power it grants and one limit it places."
SmartCiti.X : First Responder,"Law enforcement: authority, limits and accountability",PS-4,9–10,Practitioner,Public Safety Civics Reader,"Where the authority comes from, and where it stops","Police powers are granted by law and bounded by it. Knowing the source of an authority and its edge is the beginning of civic literacy, for officers and for everyone else. — at 9–10","Find the published law or charter that establishes the police agency serving your area, and write down one power it grants and one limit it places."
SmartCiti.X : First Responder,"Law enforcement: authority, limits and accountability",PS-5,11–12,Lead,Public Safety Civics Reader,"Where the authority comes from, and where it stops","Police powers are granted by law and bounded by it. Knowing the source of an authority and its edge is the beginning of civic literacy, for officers and for everyone else. — at 11–12","Find the published law or charter that establishes the police agency serving your area, and write down one power it grants and one limit it places."
SmartCiti.X : First Responder,"Law enforcement: authority, limits and accountability",PS-6,K–2,Explorer,Public Safety Civics Reader,"Time as a resource, not a shortage","Slowing an encounter down often changes its outcome. Distance, cover and patience buy the time in which a situation can resolve without force. — at K–2","Find your agency's published policy on de-escalation and write down, in its own words, one thing it says an officer should do before using force."
SmartCiti.X : First Responder,"Law enforcement: authority, limits and accountability",PS-7,3–5,Explorer,Public Safety Civics Reader,"Time as a resource, not a shortage","Slowing an encounter down often changes its outcome. Distance, cover and patience buy the time in which a situation can resolve without force. — at 3–5","Find your agency's published policy on de-escalation and write down, in its own words, one thing it says an officer should do before using force."
SmartCiti.X : First Responder,"Law enforcement: authority, limits and accountability",PS-8,6–8,Builder,Public Safety Civics Reader,"Time as a resource, not a shortage","Slowing an encounter down often changes its outcome. Distance, cover and patience buy the time in which a situation can resolve without force. — at 6–8","Find your agency's published policy on de-escalation and write down, in its own words, one thing it says an officer should do before using force."
SmartCiti.X : First Responder,"Law enforcement: authority, limits and accountability",PS-9,9–10,Practitioner,Public Safety Civics Reader,"Time as a resource, not a shortage","Slowing an encounter down often changes its outcome. Distance, cover and patience buy the time in which a situation can resolve without force. — at 9–10","Find your agency's published policy on de-escalation and write down, in its own words, one thing it says an officer should do before using force."
SmartCiti.X : First Responder,"Law enforcement: authority, limits and accountability",PS-10,11–12,Lead,Public Safety Civics Reader,"Time as a resource, not a shortage","Slowing an encounter down often changes its outcome. Distance, cover and patience buy the time in which a situation can resolve without force. — at 11–12","Find your agency's published policy on de-escalation and write down, in its own words, one thing it says an officer should do before using force."
SmartCiti.X : First Responder,"Law enforcement: authority, limits and accountability",PS-11,K–2,Explorer,Public Safety Civics Reader,The call that is not a crime,Many calls are a health crisis wearing an emergency's clothes. Recognising that early and routing it to the right responder is a decision made in the first minute. — at K–2,"Find out which number or service in your area handles a mental-health crisis, and whether it is the same as the emergency number. Write down both."
SmartCiti.X : First Responder,"Law enforcement: authority, limits and accountability",PS-12,3–5,Explorer,Public Safety Civics Reader,The call that is not a crime,Many calls are a health crisis wearing an emergency's clothes. Recognising that early and routing it to the right responder is a decision made in the first minute. — at 3–5,"Find out which number or service in your area handles a mental-health crisis, and whether it is the same as the emergency number. Write down both."
SmartCiti.X : First Responder,"Law enforcement: authority, limits and accountability",PS-13,6–8,Builder,Public Safety Civics Reader,The call that is not a crime,Many calls are a health crisis wearing an emergency's clothes. Recognising that early and routing it to the right responder is a decision made in the first minute. — at 6–8,"Find out which number or service in your area handles a mental-health crisis, and whether it is the same as the emergency number. Write down both."
SmartCiti.X : First Responder,"Law enforcement: authority, limits and accountability",PS-14,9–10,Practitioner,Public Safety Civics Reader,The call that is not a crime,Many calls are a health crisis wearing an emergency's clothes. Recognising that early and routing it to the right responder is a decision made in the first minute. — at 9–10,"Find out which number or service in your area handles a mental-health crisis, and whether it is the same as the emergency number. Write down both."
SmartCiti.X : First Responder,"Law enforcement: authority, limits and accountability",PS-15,11–12,Lead,Public Safety Civics Reader,The call that is not a crime,Many calls are a health crisis wearing an emergency's clothes. Recognising that early and routing it to the right responder is a decision made in the first minute. — at 11–12,"Find out which number or service in your area handles a mental-health crisis, and whether it is the same as the emergency number. Write down both."
SmartCiti.X : First Responder,"Law enforcement: authority, limits and accountability",PS-16,K–2,Explorer,Public Safety Civics Reader,Force gets written down and reviewed,"Where force is used it is reported, reviewed and counted. An accountability practice only works if it happens every time, including when nothing went wrong. — at K–2","Find whether your agency publishes a use-of-force report or annual statistics. Write down what it publishes, or write down that it publishes none."
SmartCiti.X : First Responder,"Law enforcement: authority, limits and accountability",PS-17,3–5,Explorer,Public Safety Civics Reader,Force gets written down and reviewed,"Where force is used it is reported, reviewed and counted. An accountability practice only works if it happens every time, including when nothing went wrong. — at 3–5","Find whether your agency publishes a use-of-force report or annual statistics. Write down what it publishes, or write down that it publishes none."
SmartCiti.X : First Responder,"Law enforcement: authority, limits and accountability",PS-18,6–8,Builder,Public Safety Civics Reader,Force gets written down and reviewed,"Where force is used it is reported, reviewed and counted. An accountability practice only works if it happens every time, including when nothing went wrong. — at 6–8","Find whether your agency publishes a use-of-force report or annual statistics. Write down what it publishes, or write down that it publishes none."
SmartCiti.X : First Responder,"Law enforcement: authority, limits and accountability",PS-19,9–10,Practitioner,Public Safety Civics Reader,Force gets written down and reviewed,"Where force is used it is reported, reviewed and counted. An accountability practice only works if it happens every time, including when nothing went wrong. — at 9–10","Find whether your agency publishes a use-of-force report or annual statistics. Write down what it publishes, or write down that it publishes none."
SmartCiti.X : First Responder,"Law enforcement: authority, limits and accountability",PS-20,11–12,Lead,Public Safety Civics Reader,Force gets written down and reviewed,"Where force is used it is reported, reviewed and counted. An accountability practice only works if it happens every time, including when nothing went wrong. — at 11–12","Find whether your agency publishes a use-of-force report or annual statistics. Write down what it publishes, or write down that it publishes none."
SmartCiti.X : First Responder,"Law enforcement: authority, limits and accountability",PS-21,K–2,Explorer,Public Safety Civics Reader,Procedural justice in an ordinary stop,"Whether people accept an outcome depends heavily on whether they were told why, given a voice, and treated with respect. Most encounters are ordinary, and that is precisely where it is decided. — at K–2","Write four things you would want said to you in a routine encounter with any authority, then compare them against your agency's published expectations for officer conduct."
SmartCiti.X : First Responder,"Law enforcement: authority, limits and accountability",PS-22,3–5,Explorer,Public Safety Civics Reader,Procedural justice in an ordinary stop,"Whether people accept an outcome depends heavily on whether they were told why, given a voice, and treated with respect. Most encounters are ordinary, and that is precisely where it is decided. — at 3–5","Write four things you would want said to you in a routine encounter with any authority, then compare them against your agency's published expectations for officer conduct."
SmartCiti.X : First Responder,"Law enforcement: authority, limits and accountability",PS-23,6–8,Builder,Public Safety Civics Reader,Procedural justice in an ordinary stop,"Whether people accept an outcome depends heavily on whether they were told why, given a voice, and treated with respect. Most encounters are ordinary, and that is precisely where it is decided. — at 6–8","Write four things you would want said to you in a routine encounter with any authority, then compare them against your agency's published expectations for officer conduct."
SmartCiti.X : First Responder,"Law enforcement: authority, limits and accountability",PS-24,9–10,Practitioner,Public Safety Civics Reader,Procedural justice in an ordinary stop,"Whether people accept an outcome depends heavily on whether they were told why, given a voice, and treated with respect. Most encounters are ordinary, and that is precisely where it is decided. — at 9–10","Write four things you would want said to you in a routine encounter with any authority, then compare them against your agency's published expectations for officer conduct."
SmartCiti.X : First Responder,"Law enforcement: authority, limits and accountability",PS-25,11–12,Lead,Public Safety Civics Reader,Procedural justice in an ordinary stop,"Whether people accept an outcome depends heavily on whether they were told why, given a voice, and treated with respect. Most encounters are ordinary, and that is precisely where it is decided. — at 11–12","Write four things you would want said to you in a routine encounter with any authority, then compare them against your agency's published expectations for officer conduct."
SmartCiti.X : First Responder,"Law enforcement: authority, limits and accountability",PS-26,K–2,Explorer,Public Safety Civics Reader,"Who watches, from outside","Independent review — a board, an inspector, an ombudsman, a court — exists so that an institution is not the only judge of itself. — at K–2","Find whether your area has a civilian oversight body for policing. Write down its name and what it can actually do, or write down that there is none."
SmartCiti.X : First Responder,"Law enforcement: authority, limits and accountability",PS-27,3–5,Explorer,Public Safety Civics Reader,"Who watches, from outside","Independent review — a board, an inspector, an ombudsman, a court — exists so that an institution is not the only judge of itself. — at 3–5","Find whether your area has a civilian oversight body for policing. Write down its name and what it can actually do, or write down that there is none."
SmartCiti.X : First Responder,"Law enforcement: authority, limits and accountability",PS-28,6–8,Builder,Public Safety Civics Reader,"Who watches, from outside","Independent review — a board, an inspector, an ombudsman, a court — exists so that an institution is not the only judge of itself. — at 6–8","Find whether your area has a civilian oversight body for policing. Write down its name and what it can actually do, or write down that there is none."
SmartCiti.X : First Responder,"Law enforcement: authority, limits and accountability",PS-29,9–10,Practitioner,Public Safety Civics Reader,"Who watches, from outside","Independent review — a board, an inspector, an ombudsman, a court — exists so that an institution is not the only judge of itself. — at 9–10","Find whether your area has a civilian oversight body for policing. Write down its name and what it can actually do, or write down that there is none."
SmartCiti.X : First Responder,"Law enforcement: authority, limits and accountability",PS-30,11–12,Lead,Public Safety Civics Reader,"Who watches, from outside","Independent review — a board, an inspector, an ombudsman, a court — exists so that an institution is not the only judge of itself. — at 11–12","Find whether your area has a civilian oversight body for policing. Write down its name and what it can actually do, or write down that there is none."
SmartCiti.X : First Responder,"Law enforcement: authority, limits and accountability",PS-31,K–2,Explorer,Public Safety Civics Reader,The report is the record,What happened becomes what was written. Evidence integrity and accurate reporting are the difference between a case and a story. — at K–2,"Write a factual account of something that happened at home today in under 120 words, using only what you directly observed. Mark every sentence that was actually an assumption."
SmartCiti.X : First Responder,"Law enforcement: authority, limits and accountability",PS-32,3–5,Explorer,Public Safety Civics Reader,The report is the record,What happened becomes what was written. Evidence integrity and accurate reporting are the difference between a case and a story. — at 3–5,"Write a factual account of something that happened at home today in under 120 words, using only what you directly observed. Mark every sentence that was actually an assumption."
SmartCiti.X : First Responder,"Law enforcement: authority, limits and accountability",PS-33,6–8,Builder,Public Safety Civics Reader,The report is the record,What happened becomes what was written. Evidence integrity and accurate reporting are the difference between a case and a story. — at 6–8,"Write a factual account of something that happened at home today in under 120 words, using only what you directly observed. Mark every sentence that was actually an assumption."
SmartCiti.X : First Responder,"Law enforcement: authority, limits and accountability",PS-34,9–10,Practitioner,Public Safety Civics Reader,The report is the record,What happened becomes what was written. Evidence integrity and accurate reporting are the difference between a case and a story. — at 9–10,"Write a factual account of something that happened at home today in under 120 words, using only what you directly observed. Mark every sentence that was actually an assumption."
SmartCiti.X : First Responder,"Law enforcement: authority, limits and accountability",PS-35,11–12,Lead,Public Safety Civics Reader,The report is the record,What happened becomes what was written. Evidence integrity and accurate reporting are the difference between a case and a story. — at 11–12,"Write a factual account of something that happened at home today in under 120 words, using only what you directly observed. Mark every sentence that was actually an assumption."
SmartCiti.X : First Responder,"Law enforcement: authority, limits and accountability",PS-36,K–2,Explorer,Public Safety Civics Reader,"Bias is a thing you check for, not a thing you deny","Impartial policing treats bias as a normal human failure mode to be designed against, with data, review and habit — not as an accusation to be rebutted. — at K–2","Find whether your agency publishes stop or arrest data broken down by demographic. Write down what is published, and one question the published data cannot answer."
SmartCiti.X : First Responder,"Law enforcement: authority, limits and accountability",PS-37,3–5,Explorer,Public Safety Civics Reader,"Bias is a thing you check for, not a thing you deny","Impartial policing treats bias as a normal human failure mode to be designed against, with data, review and habit — not as an accusation to be rebutted. — at 3–5","Find whether your agency publishes stop or arrest data broken down by demographic. Write down what is published, and one question the published data cannot answer."
SmartCiti.X : First Responder,"Law enforcement: authority, limits and accountability",PS-38,6–8,Builder,Public Safety Civics Reader,"Bias is a thing you check for, not a thing you deny","Impartial policing treats bias as a normal human failure mode to be designed against, with data, review and habit — not as an accusation to be rebutted. — at 6–8","Find whether your agency publishes stop or arrest data broken down by demographic. Write down what is published, and one question the published data cannot answer."
SmartCiti.X : First Responder,"Law enforcement: authority, limits and accountability",PS-39,9–10,Practitioner,Public Safety Civics Reader,"Bias is a thing you check for, not a thing you deny","Impartial policing treats bias as a normal human failure mode to be designed against, with data, review and habit — not as an accusation to be rebutted. — at 9–10","Find whether your agency publishes stop or arrest data broken down by demographic. Write down what is published, and one question the published data cannot answer."
SmartCiti.X : First Responder,"Law enforcement: authority, limits and accountability",PS-40,11–12,Lead,Public Safety Civics Reader,"Bias is a thing you check for, not a thing you deny","Impartial policing treats bias as a normal human failure mode to be designed against, with data, review and habit — not as an accusation to be rebutted. — at 11–12","Find whether your agency publishes stop or arrest data broken down by demographic. Write down what is published, and one question the published data cannot answer."
SmartCiti.X : First Responder,"Law enforcement: authority, limits and accountability",PS-41,K–2,Explorer,Public Safety Civics Reader,Your role inside somebody else's incident,"At a fire, a flood or a medical emergency the police officer is not in charge. Knowing which incidents are yours and which you support is a professional skill. — at K–2","Using published local material, write down who holds command at a structure fire, at a flood, and at a large public event in your area."
SmartCiti.X : First Responder,"Law enforcement: authority, limits and accountability",PS-42,3–5,Explorer,Public Safety Civics Reader,Your role inside somebody else's incident,"At a fire, a flood or a medical emergency the police officer is not in charge. Knowing which incidents are yours and which you support is a professional skill. — at 3–5","Using published local material, write down who holds command at a structure fire, at a flood, and at a large public event in your area."
SmartCiti.X : First Responder,"Law enforcement: authority, limits and accountability",PS-43,6–8,Builder,Public Safety Civics Reader,Your role inside somebody else's incident,"At a fire, a flood or a medical emergency the police officer is not in charge. Knowing which incidents are yours and which you support is a professional skill. — at 6–8","Using published local material, write down who holds command at a structure fire, at a flood, and at a large public event in your area."
SmartCiti.X : First Responder,"Law enforcement: authority, limits and accountability",PS-44,9–10,Practitioner,Public Safety Civics Reader,Your role inside somebody else's incident,"At a fire, a flood or a medical emergency the police officer is not in charge. Knowing which incidents are yours and which you support is a professional skill. — at 9–10","Using published local material, write down who holds command at a structure fire, at a flood, and at a large public event in your area."
SmartCiti.X : First Responder,"Law enforcement: authority, limits and accountability",PS-45,11–12,Lead,Public Safety Civics Reader,Your role inside somebody else's incident,"At a fire, a flood or a medical emergency the police officer is not in charge. Knowing which incidents are yours and which you support is a professional skill. — at 11–12","Using published local material, write down who holds command at a structure fire, at a flood, and at a large public event in your area."
SmartCiti.X : First Responder,"Law enforcement: authority, limits and accountability",PS-46,K–2,Explorer,Public Safety Civics Reader,The cost carried home,"Cumulative exposure to other people's worst days has a measurable toll. Peer support and a culture that permits using it are part of the job, not an admission about it. — at K–2","Find out whether your local agency publishes anything about peer support or employee assistance for its staff. Write down what you found, and what you could not find."
SmartCiti.X : First Responder,"Law enforcement: authority, limits and accountability",PS-47,3–5,Explorer,Public Safety Civics Reader,The cost carried home,"Cumulative exposure to other people's worst days has a measurable toll. Peer support and a culture that permits using it are part of the job, not an admission about it. — at 3–5","Find out whether your local agency publishes anything about peer support or employee assistance for its staff. Write down what you found, and what you could not find."
SmartCiti.X : First Responder,"Law enforcement: authority, limits and accountability",PS-48,6–8,Builder,Public Safety Civics Reader,The cost carried home,"Cumulative exposure to other people's worst days has a measurable toll. Peer support and a culture that permits using it are part of the job, not an admission about it. — at 6–8","Find out whether your local agency publishes anything about peer support or employee assistance for its staff. Write down what you found, and what you could not find."
SmartCiti.X : First Responder,"Law enforcement: authority, limits and accountability",PS-49,9–10,Practitioner,Public Safety Civics Reader,The cost carried home,"Cumulative exposure to other people's worst days has a measurable toll. Peer support and a culture that permits using it are part of the job, not an admission about it. — at 9–10","Find out whether your local agency publishes anything about peer support or employee assistance for its staff. Write down what you found, and what you could not find."
SmartCiti.X : First Responder,"Law enforcement: authority, limits and accountability",PS-50,11–12,Lead,Public Safety Civics Reader,The cost carried home,"Cumulative exposure to other people's worst days has a measurable toll. Peer support and a culture that permits using it are part of the job, not an admission about it. — at 11–12","Find out whether your local agency publishes anything about peer support or employee assistance for its staff. Write down what you found, and what you could not find."
SmartCiti.X : First Responder,Emergency medical services: the first ten minutes,MR-1,K–2,Explorer,Medical Response Reader,Is it safe to be here at all,"The first assessment is not of the patient but of the scene. A responder who becomes a second patient has made the situation worse, not better. — at K–2","Walk through your home and write down three things that would make it hard or unsafe for a stretcher crew to reach a bedroom — stairs, clutter, a narrow turn, a locked gate."
SmartCiti.X : First Responder,Emergency medical services: the first ten minutes,MR-2,3–5,Explorer,Medical Response Reader,Is it safe to be here at all,"The first assessment is not of the patient but of the scene. A responder who becomes a second patient has made the situation worse, not better. — at 3–5","Walk through your home and write down three things that would make it hard or unsafe for a stretcher crew to reach a bedroom — stairs, clutter, a narrow turn, a locked gate."
SmartCiti.X : First Responder,Emergency medical services: the first ten minutes,MR-3,6–8,Builder,Medical Response Reader,Is it safe to be here at all,"The first assessment is not of the patient but of the scene. A responder who becomes a second patient has made the situation worse, not better. — at 6–8","Walk through your home and write down three things that would make it hard or unsafe for a stretcher crew to reach a bedroom — stairs, clutter, a narrow turn, a locked gate."
SmartCiti.X : First Responder,Emergency medical services: the first ten minutes,MR-4,9–10,Practitioner,Medical Response Reader,Is it safe to be here at all,"The first assessment is not of the patient but of the scene. A responder who becomes a second patient has made the situation worse, not better. — at 9–10","Walk through your home and write down three things that would make it hard or unsafe for a stretcher crew to reach a bedroom — stairs, clutter, a narrow turn, a locked gate."
SmartCiti.X : First Responder,Emergency medical services: the first ten minutes,MR-5,11–12,Lead,Medical Response Reader,Is it safe to be here at all,"The first assessment is not of the patient but of the scene. A responder who becomes a second patient has made the situation worse, not better. — at 11–12","Walk through your home and write down three things that would make it hard or unsafe for a stretcher crew to reach a bedroom — stairs, clutter, a narrow turn, a locked gate."
SmartCiti.X : First Responder,Emergency medical services: the first ten minutes,MR-6,K–2,Explorer,Medical Response Reader,A framework beats a hunch,"Assessment follows a fixed order every time, so that nothing important is skipped when attention narrows under stress. The order is the point. — at K–2","Write down the order in which you check a household problem — a leak, a smell, a power cut. Then do it in that order next time and note where the written order was wrong."
SmartCiti.X : First Responder,Emergency medical services: the first ten minutes,MR-7,3–5,Explorer,Medical Response Reader,A framework beats a hunch,"Assessment follows a fixed order every time, so that nothing important is skipped when attention narrows under stress. The order is the point. — at 3–5","Write down the order in which you check a household problem — a leak, a smell, a power cut. Then do it in that order next time and note where the written order was wrong."
SmartCiti.X : First Responder,Emergency medical services: the first ten minutes,MR-8,6–8,Builder,Medical Response Reader,A framework beats a hunch,"Assessment follows a fixed order every time, so that nothing important is skipped when attention narrows under stress. The order is the point. — at 6–8","Write down the order in which you check a household problem — a leak, a smell, a power cut. Then do it in that order next time and note where the written order was wrong."
SmartCiti.X : First Responder,Emergency medical services: the first ten minutes,MR-9,9–10,Practitioner,Medical Response Reader,A framework beats a hunch,"Assessment follows a fixed order every time, so that nothing important is skipped when attention narrows under stress. The order is the point. — at 9–10","Write down the order in which you check a household problem — a leak, a smell, a power cut. Then do it in that order next time and note where the written order was wrong."
SmartCiti.X : First Responder,Emergency medical services: the first ten minutes,MR-10,11–12,Lead,Medical Response Reader,A framework beats a hunch,"Assessment follows a fixed order every time, so that nothing important is skipped when attention narrows under stress. The order is the point. — at 11–12","Write down the order in which you check a household problem — a leak, a smell, a power cut. Then do it in that order next time and note where the written order was wrong."
SmartCiti.X : First Responder,Emergency medical services: the first ten minutes,MR-11,K–2,Explorer,Medical Response Reader,The edge of your own certification,"Every level of EMS certification has a defined scope, and the professional skill is knowing where yours ends and saying so out loud rather than reaching past it. — at K–2",Find your state's published scope-of-practice summary and write down two things a paramedic may do that an EMT may not.
SmartCiti.X : First Responder,Emergency medical services: the first ten minutes,MR-12,3–5,Explorer,Medical Response Reader,The edge of your own certification,"Every level of EMS certification has a defined scope, and the professional skill is knowing where yours ends and saying so out loud rather than reaching past it. — at 3–5",Find your state's published scope-of-practice summary and write down two things a paramedic may do that an EMT may not.
SmartCiti.X : First Responder,Emergency medical services: the first ten minutes,MR-13,6–8,Builder,Medical Response Reader,The edge of your own certification,"Every level of EMS certification has a defined scope, and the professional skill is knowing where yours ends and saying so out loud rather than reaching past it. — at 6–8",Find your state's published scope-of-practice summary and write down two things a paramedic may do that an EMT may not.
SmartCiti.X : First Responder,Emergency medical services: the first ten minutes,MR-14,9–10,Practitioner,Medical Response Reader,The edge of your own certification,"Every level of EMS certification has a defined scope, and the professional skill is knowing where yours ends and saying so out loud rather than reaching past it. — at 9–10",Find your state's published scope-of-practice summary and write down two things a paramedic may do that an EMT may not.
SmartCiti.X : First Responder,Emergency medical services: the first ten minutes,MR-15,11–12,Lead,Medical Response Reader,The edge of your own certification,"Every level of EMS certification has a defined scope, and the professional skill is knowing where yours ends and saying so out loud rather than reaching past it. — at 11–12",Find your state's published scope-of-practice summary and write down two things a paramedic may do that an EMT may not.
SmartCiti.X : First Responder,Emergency medical services: the first ten minutes,MR-16,K–2,Explorer,Medical Response Reader,"Somebody else's licence, somebody else's protocol",Much of what EMS does is performed under the authority of a physician medical director. Working inside someone else's clinical authority is a structural feature of the job. — at K–2,"Find who provides medical direction for the EMS agency serving your area, or write down that the information is not published."
SmartCiti.X : First Responder,Emergency medical services: the first ten minutes,MR-17,3–5,Explorer,Medical Response Reader,"Somebody else's licence, somebody else's protocol",Much of what EMS does is performed under the authority of a physician medical director. Working inside someone else's clinical authority is a structural feature of the job. — at 3–5,"Find who provides medical direction for the EMS agency serving your area, or write down that the information is not published."
SmartCiti.X : First Responder,Emergency medical services: the first ten minutes,MR-18,6–8,Builder,Medical Response Reader,"Somebody else's licence, somebody else's protocol",Much of what EMS does is performed under the authority of a physician medical director. Working inside someone else's clinical authority is a structural feature of the job. — at 6–8,"Find who provides medical direction for the EMS agency serving your area, or write down that the information is not published."
SmartCiti.X : First Responder,Emergency medical services: the first ten minutes,MR-19,9–10,Practitioner,Medical Response Reader,"Somebody else's licence, somebody else's protocol",Much of what EMS does is performed under the authority of a physician medical director. Working inside someone else's clinical authority is a structural feature of the job. — at 9–10,"Find who provides medical direction for the EMS agency serving your area, or write down that the information is not published."
SmartCiti.X : First Responder,Emergency medical services: the first ten minutes,MR-20,11–12,Lead,Medical Response Reader,"Somebody else's licence, somebody else's protocol",Much of what EMS does is performed under the authority of a physician medical director. Working inside someone else's clinical authority is a structural feature of the job. — at 11–12,"Find who provides medical direction for the EMS agency serving your area, or write down that the information is not published."
SmartCiti.X : First Responder,Emergency medical services: the first ten minutes,MR-21,K–2,Explorer,Medical Response Reader,The handover,"Care transfers through a short, structured spoken summary and the record behind it. Most information lost in a hospital corridor is lost right there. — at K–2","Summarise a complicated household situation to someone in exactly 30 seconds, in a fixed order, then have them repeat it back. Note what they dropped."
SmartCiti.X : First Responder,Emergency medical services: the first ten minutes,MR-22,3–5,Explorer,Medical Response Reader,The handover,"Care transfers through a short, structured spoken summary and the record behind it. Most information lost in a hospital corridor is lost right there. — at 3–5","Summarise a complicated household situation to someone in exactly 30 seconds, in a fixed order, then have them repeat it back. Note what they dropped."
SmartCiti.X : First Responder,Emergency medical services: the first ten minutes,MR-23,6–8,Builder,Medical Response Reader,The handover,"Care transfers through a short, structured spoken summary and the record behind it. Most information lost in a hospital corridor is lost right there. — at 6–8","Summarise a complicated household situation to someone in exactly 30 seconds, in a fixed order, then have them repeat it back. Note what they dropped."
SmartCiti.X : First Responder,Emergency medical services: the first ten minutes,MR-24,9–10,Practitioner,Medical Response Reader,The handover,"Care transfers through a short, structured spoken summary and the record behind it. Most information lost in a hospital corridor is lost right there. — at 9–10","Summarise a complicated household situation to someone in exactly 30 seconds, in a fixed order, then have them repeat it back. Note what they dropped."
SmartCiti.X : First Responder,Emergency medical services: the first ten minutes,MR-25,11–12,Lead,Medical Response Reader,The handover,"Care transfers through a short, structured spoken summary and the record behind it. Most information lost in a hospital corridor is lost right there. — at 11–12","Summarise a complicated household situation to someone in exactly 30 seconds, in a fixed order, then have them repeat it back. Note what they dropped."
SmartCiti.X : First Responder,Emergency medical services: the first ten minutes,MR-26,K–2,Explorer,Medical Response Reader,"Consent, capacity and the right to refuse","An adult who understands the consequences may refuse care. Recognising and respecting that is a legal and ethical duty, and it is uncomfortable by design. — at K–2","Find your state's published Good Samaritan provision and write down, in plain words, what it does and does not protect."
SmartCiti.X : First Responder,Emergency medical services: the first ten minutes,MR-27,3–5,Explorer,Medical Response Reader,"Consent, capacity and the right to refuse","An adult who understands the consequences may refuse care. Recognising and respecting that is a legal and ethical duty, and it is uncomfortable by design. — at 3–5","Find your state's published Good Samaritan provision and write down, in plain words, what it does and does not protect."
SmartCiti.X : First Responder,Emergency medical services: the first ten minutes,MR-28,6–8,Builder,Medical Response Reader,"Consent, capacity and the right to refuse","An adult who understands the consequences may refuse care. Recognising and respecting that is a legal and ethical duty, and it is uncomfortable by design. — at 6–8","Find your state's published Good Samaritan provision and write down, in plain words, what it does and does not protect."
SmartCiti.X : First Responder,Emergency medical services: the first ten minutes,MR-29,9–10,Practitioner,Medical Response Reader,"Consent, capacity and the right to refuse","An adult who understands the consequences may refuse care. Recognising and respecting that is a legal and ethical duty, and it is uncomfortable by design. — at 9–10","Find your state's published Good Samaritan provision and write down, in plain words, what it does and does not protect."
SmartCiti.X : First Responder,Emergency medical services: the first ten minutes,MR-30,11–12,Lead,Medical Response Reader,"Consent, capacity and the right to refuse","An adult who understands the consequences may refuse care. Recognising and respecting that is a legal and ethical duty, and it is uncomfortable by design. — at 11–12","Find your state's published Good Samaritan provision and write down, in plain words, what it does and does not protect."
SmartCiti.X : First Responder,Emergency medical services: the first ten minutes,MR-31,K–2,Explorer,Medical Response Reader,When there are more patients than hands,"A mass casualty incident changes the goal from doing everything for one person to doing the most good across many. The role each responder holds is assigned, not chosen. — at K–2",Find one published description of how your region organises a multiple-casualty incident and write down the roles it names. Do not attempt any sorting method yourself.
SmartCiti.X : First Responder,Emergency medical services: the first ten minutes,MR-32,3–5,Explorer,Medical Response Reader,When there are more patients than hands,"A mass casualty incident changes the goal from doing everything for one person to doing the most good across many. The role each responder holds is assigned, not chosen. — at 3–5",Find one published description of how your region organises a multiple-casualty incident and write down the roles it names. Do not attempt any sorting method yourself.
SmartCiti.X : First Responder,Emergency medical services: the first ten minutes,MR-33,6–8,Builder,Medical Response Reader,When there are more patients than hands,"A mass casualty incident changes the goal from doing everything for one person to doing the most good across many. The role each responder holds is assigned, not chosen. — at 6–8",Find one published description of how your region organises a multiple-casualty incident and write down the roles it names. Do not attempt any sorting method yourself.
SmartCiti.X : First Responder,Emergency medical services: the first ten minutes,MR-34,9–10,Practitioner,Medical Response Reader,When there are more patients than hands,"A mass casualty incident changes the goal from doing everything for one person to doing the most good across many. The role each responder holds is assigned, not chosen. — at 9–10",Find one published description of how your region organises a multiple-casualty incident and write down the roles it names. Do not attempt any sorting method yourself.
SmartCiti.X : First Responder,Emergency medical services: the first ten minutes,MR-35,11–12,Lead,Medical Response Reader,When there are more patients than hands,"A mass casualty incident changes the goal from doing everything for one person to doing the most good across many. The role each responder holds is assigned, not chosen. — at 11–12",Find one published description of how your region organises a multiple-casualty incident and write down the roles it names. Do not attempt any sorting method yourself.
SmartCiti.X : First Responder,Emergency medical services: the first ten minutes,MR-36,K–2,Explorer,Medical Response Reader,Two people are a crew,"A two-person team has no spare capacity, so its communication has to be deliberate: state what you are doing, say when you are stuck, speak up when something looks wrong. — at K–2",Do a two-person household task where each person must say aloud what they are doing before doing it. Write what that changed and what it cost in time.
SmartCiti.X : First Responder,Emergency medical services: the first ten minutes,MR-37,3–5,Explorer,Medical Response Reader,Two people are a crew,"A two-person team has no spare capacity, so its communication has to be deliberate: state what you are doing, say when you are stuck, speak up when something looks wrong. — at 3–5",Do a two-person household task where each person must say aloud what they are doing before doing it. Write what that changed and what it cost in time.
SmartCiti.X : First Responder,Emergency medical services: the first ten minutes,MR-38,6–8,Builder,Medical Response Reader,Two people are a crew,"A two-person team has no spare capacity, so its communication has to be deliberate: state what you are doing, say when you are stuck, speak up when something looks wrong. — at 6–8",Do a two-person household task where each person must say aloud what they are doing before doing it. Write what that changed and what it cost in time.
SmartCiti.X : First Responder,Emergency medical services: the first ten minutes,MR-39,9–10,Practitioner,Medical Response Reader,Two people are a crew,"A two-person team has no spare capacity, so its communication has to be deliberate: state what you are doing, say when you are stuck, speak up when something looks wrong. — at 9–10",Do a two-person household task where each person must say aloud what they are doing before doing it. Write what that changed and what it cost in time.
SmartCiti.X : First Responder,Emergency medical services: the first ten minutes,MR-40,11–12,Lead,Medical Response Reader,Two people are a crew,"A two-person team has no spare capacity, so its communication has to be deliberate: state what you are doing, say when you are stuck, speak up when something looks wrong. — at 11–12",Do a two-person household task where each person must say aloud what they are doing before doing it. Write what that changed and what it cost in time.
SmartCiti.X : First Responder,Emergency medical services: the first ten minutes,MR-41,K–2,Explorer,Medical Response Reader,"Routine protection, not emergency protection","Infection and exposure control works because it is done every time, on ordinary calls, long before anyone knows a call was dangerous. — at K–2","Write down what your household does routinely, not occasionally, to prevent illness spreading, and one thing it only does when somebody is already ill."
SmartCiti.X : First Responder,Emergency medical services: the first ten minutes,MR-42,3–5,Explorer,Medical Response Reader,"Routine protection, not emergency protection","Infection and exposure control works because it is done every time, on ordinary calls, long before anyone knows a call was dangerous. — at 3–5","Write down what your household does routinely, not occasionally, to prevent illness spreading, and one thing it only does when somebody is already ill."
SmartCiti.X : First Responder,Emergency medical services: the first ten minutes,MR-43,6–8,Builder,Medical Response Reader,"Routine protection, not emergency protection","Infection and exposure control works because it is done every time, on ordinary calls, long before anyone knows a call was dangerous. — at 6–8","Write down what your household does routinely, not occasionally, to prevent illness spreading, and one thing it only does when somebody is already ill."
SmartCiti.X : First Responder,Emergency medical services: the first ten minutes,MR-44,9–10,Practitioner,Medical Response Reader,"Routine protection, not emergency protection","Infection and exposure control works because it is done every time, on ordinary calls, long before anyone knows a call was dangerous. — at 9–10","Write down what your household does routinely, not occasionally, to prevent illness spreading, and one thing it only does when somebody is already ill."
SmartCiti.X : First Responder,Emergency medical services: the first ten minutes,MR-45,11–12,Lead,Medical Response Reader,"Routine protection, not emergency protection","Infection and exposure control works because it is done every time, on ordinary calls, long before anyone knows a call was dangerous. — at 11–12","Write down what your household does routinely, not occasionally, to prevent illness spreading, and one thing it only does when somebody is already ill."
SmartCiti.X : First Responder,Emergency medical services: the first ten minutes,MR-46,K–2,Explorer,Medical Response Reader,Tired people make different decisions,Fatigue and accumulated distress change judgement measurably. Systems that acknowledge this build in relief and supervision rather than relying on individual toughness. — at K–2,Track your own sleep for three days and write down one decision you made while tired that you would have made differently rested.
SmartCiti.X : First Responder,Emergency medical services: the first ten minutes,MR-47,3–5,Explorer,Medical Response Reader,Tired people make different decisions,Fatigue and accumulated distress change judgement measurably. Systems that acknowledge this build in relief and supervision rather than relying on individual toughness. — at 3–5,Track your own sleep for three days and write down one decision you made while tired that you would have made differently rested.
SmartCiti.X : First Responder,Emergency medical services: the first ten minutes,MR-48,6–8,Builder,Medical Response Reader,Tired people make different decisions,Fatigue and accumulated distress change judgement measurably. Systems that acknowledge this build in relief and supervision rather than relying on individual toughness. — at 6–8,Track your own sleep for three days and write down one decision you made while tired that you would have made differently rested.
SmartCiti.X : First Responder,Emergency medical services: the first ten minutes,MR-49,9–10,Practitioner,Medical Response Reader,Tired people make different decisions,Fatigue and accumulated distress change judgement measurably. Systems that acknowledge this build in relief and supervision rather than relying on individual toughness. — at 9–10,Track your own sleep for three days and write down one decision you made while tired that you would have made differently rested.
SmartCiti.X : First Responder,Emergency medical services: the first ten minutes,MR-50,11–12,Lead,Medical Response Reader,Tired people make different decisions,Fatigue and accumulated distress change judgement measurably. Systems that acknowledge this build in relief and supervision rather than relying on individual toughness. — at 11–12,Track your own sleep for three days and write down one decision you made while tired that you would have made differently rested.
SmartCiti.X : First Responder,"Emergency management: before, during and after",EM-1,K–2,Explorer,Emergency Management Reader,"Hold your position, and only your position",In an incident command structure every person has one job and one person they report to. Freelancing outside your position is the failure the whole structure exists to prevent. — at K–2,Find your county or parish emergency management office and write down the positions its published plan names.
SmartCiti.X : First Responder,"Emergency management: before, during and after",EM-2,3–5,Explorer,Emergency Management Reader,"Hold your position, and only your position",In an incident command structure every person has one job and one person they report to. Freelancing outside your position is the failure the whole structure exists to prevent. — at 3–5,Find your county or parish emergency management office and write down the positions its published plan names.
SmartCiti.X : First Responder,"Emergency management: before, during and after",EM-3,6–8,Builder,Emergency Management Reader,"Hold your position, and only your position",In an incident command structure every person has one job and one person they report to. Freelancing outside your position is the failure the whole structure exists to prevent. — at 6–8,Find your county or parish emergency management office and write down the positions its published plan names.
SmartCiti.X : First Responder,"Emergency management: before, during and after",EM-4,9–10,Practitioner,Emergency Management Reader,"Hold your position, and only your position",In an incident command structure every person has one job and one person they report to. Freelancing outside your position is the failure the whole structure exists to prevent. — at 9–10,Find your county or parish emergency management office and write down the positions its published plan names.
SmartCiti.X : First Responder,"Emergency management: before, during and after",EM-5,11–12,Lead,Emergency Management Reader,"Hold your position, and only your position",In an incident command structure every person has one job and one person they report to. Freelancing outside your position is the failure the whole structure exists to prevent. — at 11–12,Find your county or parish emergency management office and write down the positions its published plan names.
SmartCiti.X : First Responder,"Emergency management: before, during and after",EM-6,K–2,Explorer,Emergency Management Reader,The room where the coordination happens,An emergency operations centre coordinates; it does not command the scene. Knowing the difference between coordinating resources and directing responders is the core of the discipline. — at K–2,"Find whether your jurisdiction publishes the location or function of its emergency operations centre, and write down what it says the centre does."
SmartCiti.X : First Responder,"Emergency management: before, during and after",EM-7,3–5,Explorer,Emergency Management Reader,The room where the coordination happens,An emergency operations centre coordinates; it does not command the scene. Knowing the difference between coordinating resources and directing responders is the core of the discipline. — at 3–5,"Find whether your jurisdiction publishes the location or function of its emergency operations centre, and write down what it says the centre does."
SmartCiti.X : First Responder,"Emergency management: before, during and after",EM-8,6–8,Builder,Emergency Management Reader,The room where the coordination happens,An emergency operations centre coordinates; it does not command the scene. Knowing the difference between coordinating resources and directing responders is the core of the discipline. — at 6–8,"Find whether your jurisdiction publishes the location or function of its emergency operations centre, and write down what it says the centre does."
SmartCiti.X : First Responder,"Emergency management: before, during and after",EM-9,9–10,Practitioner,Emergency Management Reader,The room where the coordination happens,An emergency operations centre coordinates; it does not command the scene. Knowing the difference between coordinating resources and directing responders is the core of the discipline. — at 9–10,"Find whether your jurisdiction publishes the location or function of its emergency operations centre, and write down what it says the centre does."
SmartCiti.X : First Responder,"Emergency management: before, during and after",EM-10,11–12,Lead,Emergency Management Reader,The room where the coordination happens,An emergency operations centre coordinates; it does not command the scene. Knowing the difference between coordinating resources and directing responders is the core of the discipline. — at 11–12,"Find whether your jurisdiction publishes the location or function of its emergency operations centre, and write down what it says the centre does."
SmartCiti.X : First Responder,"Emergency management: before, during and after",EM-11,K–2,Explorer,Emergency Management Reader,Asking for help correctly,Mutual aid moves people and equipment between jurisdictions through agreements signed long before the emergency. The paperwork is the reason help arrives. — at K–2,Find one published mutual aid agreement or compact your state participates in and write down what it covers.
SmartCiti.X : First Responder,"Emergency management: before, during and after",EM-12,3–5,Explorer,Emergency Management Reader,Asking for help correctly,Mutual aid moves people and equipment between jurisdictions through agreements signed long before the emergency. The paperwork is the reason help arrives. — at 3–5,Find one published mutual aid agreement or compact your state participates in and write down what it covers.
SmartCiti.X : First Responder,"Emergency management: before, during and after",EM-13,6–8,Builder,Emergency Management Reader,Asking for help correctly,Mutual aid moves people and equipment between jurisdictions through agreements signed long before the emergency. The paperwork is the reason help arrives. — at 6–8,Find one published mutual aid agreement or compact your state participates in and write down what it covers.
SmartCiti.X : First Responder,"Emergency management: before, during and after",EM-14,9–10,Practitioner,Emergency Management Reader,Asking for help correctly,Mutual aid moves people and equipment between jurisdictions through agreements signed long before the emergency. The paperwork is the reason help arrives. — at 9–10,Find one published mutual aid agreement or compact your state participates in and write down what it covers.
SmartCiti.X : First Responder,"Emergency management: before, during and after",EM-15,11–12,Lead,Emergency Management Reader,Asking for help correctly,Mutual aid moves people and equipment between jurisdictions through agreements signed long before the emergency. The paperwork is the reason help arrives. — at 11–12,Find one published mutual aid agreement or compact your state participates in and write down what it covers.
SmartCiti.X : First Responder,"Emergency management: before, during and after",EM-16,K–2,Explorer,Emergency Management Reader,The clock everyone works to,"Response is organised into operational periods with a planning cycle, so that a long emergency becomes a series of manageable shifts with written objectives. — at K–2",Plan a household task in two blocks with written objectives for each. Write what changed between block one and block two.
SmartCiti.X : First Responder,"Emergency management: before, during and after",EM-17,3–5,Explorer,Emergency Management Reader,The clock everyone works to,"Response is organised into operational periods with a planning cycle, so that a long emergency becomes a series of manageable shifts with written objectives. — at 3–5",Plan a household task in two blocks with written objectives for each. Write what changed between block one and block two.
SmartCiti.X : First Responder,"Emergency management: before, during and after",EM-18,6–8,Builder,Emergency Management Reader,The clock everyone works to,"Response is organised into operational periods with a planning cycle, so that a long emergency becomes a series of manageable shifts with written objectives. — at 6–8",Plan a household task in two blocks with written objectives for each. Write what changed between block one and block two.
SmartCiti.X : First Responder,"Emergency management: before, during and after",EM-19,9–10,Practitioner,Emergency Management Reader,The clock everyone works to,"Response is organised into operational periods with a planning cycle, so that a long emergency becomes a series of manageable shifts with written objectives. — at 9–10",Plan a household task in two blocks with written objectives for each. Write what changed between block one and block two.
SmartCiti.X : First Responder,"Emergency management: before, during and after",EM-20,11–12,Lead,Emergency Management Reader,The clock everyone works to,"Response is organised into operational periods with a planning cycle, so that a long emergency becomes a series of manageable shifts with written objectives. — at 11–12",Plan a household task in two blocks with written objectives for each. Write what changed between block one and block two.
SmartCiti.X : First Responder,"Emergency management: before, during and after",EM-21,K–2,Explorer,Emergency Management Reader,Warning people so they act,"A warning that does not reach people, or does not tell them what to do, has not worked. Public information is a response function, not a press function. — at K–2","Sign up for your jurisdiction's emergency alert system, or if you already have, find what channels it uses and write down which ones would reach you at 3am."
SmartCiti.X : First Responder,"Emergency management: before, during and after",EM-22,3–5,Explorer,Emergency Management Reader,Warning people so they act,"A warning that does not reach people, or does not tell them what to do, has not worked. Public information is a response function, not a press function. — at 3–5","Sign up for your jurisdiction's emergency alert system, or if you already have, find what channels it uses and write down which ones would reach you at 3am."
SmartCiti.X : First Responder,"Emergency management: before, during and after",EM-23,6–8,Builder,Emergency Management Reader,Warning people so they act,"A warning that does not reach people, or does not tell them what to do, has not worked. Public information is a response function, not a press function. — at 6–8","Sign up for your jurisdiction's emergency alert system, or if you already have, find what channels it uses and write down which ones would reach you at 3am."
SmartCiti.X : First Responder,"Emergency management: before, during and after",EM-24,9–10,Practitioner,Emergency Management Reader,Warning people so they act,"A warning that does not reach people, or does not tell them what to do, has not worked. Public information is a response function, not a press function. — at 9–10","Sign up for your jurisdiction's emergency alert system, or if you already have, find what channels it uses and write down which ones would reach you at 3am."
SmartCiti.X : First Responder,"Emergency management: before, during and after",EM-25,11–12,Lead,Emergency Management Reader,Warning people so they act,"A warning that does not reach people, or does not tell them what to do, has not worked. Public information is a response function, not a press function. — at 11–12","Sign up for your jurisdiction's emergency alert system, or if you already have, find what channels it uses and write down which ones would reach you at 3am."
SmartCiti.X : First Responder,"Emergency management: before, during and after",EM-26,K–2,Explorer,Emergency Management Reader,Where people go,"Mass care and sheltering is a coordinated operation with real constraints — capacity, accessibility, pets, medication, food. Most of its problems are logistics. — at K–2","Find the designated shelter nearest you and write down whether the published material says anything about accessibility, pets, or medical needs."
SmartCiti.X : First Responder,"Emergency management: before, during and after",EM-27,3–5,Explorer,Emergency Management Reader,Where people go,"Mass care and sheltering is a coordinated operation with real constraints — capacity, accessibility, pets, medication, food. Most of its problems are logistics. — at 3–5","Find the designated shelter nearest you and write down whether the published material says anything about accessibility, pets, or medical needs."
SmartCiti.X : First Responder,"Emergency management: before, during and after",EM-28,6–8,Builder,Emergency Management Reader,Where people go,"Mass care and sheltering is a coordinated operation with real constraints — capacity, accessibility, pets, medication, food. Most of its problems are logistics. — at 6–8","Find the designated shelter nearest you and write down whether the published material says anything about accessibility, pets, or medical needs."
SmartCiti.X : First Responder,"Emergency management: before, during and after",EM-29,9–10,Practitioner,Emergency Management Reader,Where people go,"Mass care and sheltering is a coordinated operation with real constraints — capacity, accessibility, pets, medication, food. Most of its problems are logistics. — at 9–10","Find the designated shelter nearest you and write down whether the published material says anything about accessibility, pets, or medical needs."
SmartCiti.X : First Responder,"Emergency management: before, during and after",EM-30,11–12,Lead,Emergency Management Reader,Where people go,"Mass care and sheltering is a coordinated operation with real constraints — capacity, accessibility, pets, medication, food. Most of its problems are logistics. — at 11–12","Find the designated shelter nearest you and write down whether the published material says anything about accessibility, pets, or medical needs."
SmartCiti.X : First Responder,"Emergency management: before, during and after",EM-31,K–2,Explorer,Emergency Management Reader,Counting the damage,"Damage assessment turns a disaster into numbers that unlock assistance. It is slow, unglamorous, and determines what a community can rebuild. — at K–2","Find one published damage assessment or after-action report from a past event in your state, and write down two categories it counted."
SmartCiti.X : First Responder,"Emergency management: before, during and after",EM-32,3–5,Explorer,Emergency Management Reader,Counting the damage,"Damage assessment turns a disaster into numbers that unlock assistance. It is slow, unglamorous, and determines what a community can rebuild. — at 3–5","Find one published damage assessment or after-action report from a past event in your state, and write down two categories it counted."
SmartCiti.X : First Responder,"Emergency management: before, during and after",EM-33,6–8,Builder,Emergency Management Reader,Counting the damage,"Damage assessment turns a disaster into numbers that unlock assistance. It is slow, unglamorous, and determines what a community can rebuild. — at 6–8","Find one published damage assessment or after-action report from a past event in your state, and write down two categories it counted."
SmartCiti.X : First Responder,"Emergency management: before, during and after",EM-34,9–10,Practitioner,Emergency Management Reader,Counting the damage,"Damage assessment turns a disaster into numbers that unlock assistance. It is slow, unglamorous, and determines what a community can rebuild. — at 9–10","Find one published damage assessment or after-action report from a past event in your state, and write down two categories it counted."
SmartCiti.X : First Responder,"Emergency management: before, during and after",EM-35,11–12,Lead,Emergency Management Reader,Counting the damage,"Damage assessment turns a disaster into numbers that unlock assistance. It is slow, unglamorous, and determines what a community can rebuild. — at 11–12","Find one published damage assessment or after-action report from a past event in your state, and write down two categories it counted."
SmartCiti.X : First Responder,"Emergency management: before, during and after",EM-36,K–2,Explorer,Emergency Management Reader,The responder's own organisation has to keep working,"Continuity of operations means the agency itself — payroll, dispatch, records — survives the event it is responding to. — at K–2","Write down three things your household depends on that would stop working in a three-day power outage, and what the substitute would be."
SmartCiti.X : First Responder,"Emergency management: before, during and after",EM-37,3–5,Explorer,Emergency Management Reader,The responder's own organisation has to keep working,"Continuity of operations means the agency itself — payroll, dispatch, records — survives the event it is responding to. — at 3–5","Write down three things your household depends on that would stop working in a three-day power outage, and what the substitute would be."
SmartCiti.X : First Responder,"Emergency management: before, during and after",EM-38,6–8,Builder,Emergency Management Reader,The responder's own organisation has to keep working,"Continuity of operations means the agency itself — payroll, dispatch, records — survives the event it is responding to. — at 6–8","Write down three things your household depends on that would stop working in a three-day power outage, and what the substitute would be."
SmartCiti.X : First Responder,"Emergency management: before, during and after",EM-39,9–10,Practitioner,Emergency Management Reader,The responder's own organisation has to keep working,"Continuity of operations means the agency itself — payroll, dispatch, records — survives the event it is responding to. — at 9–10","Write down three things your household depends on that would stop working in a three-day power outage, and what the substitute would be."
SmartCiti.X : First Responder,"Emergency management: before, during and after",EM-40,11–12,Lead,Emergency Management Reader,The responder's own organisation has to keep working,"Continuity of operations means the agency itself — payroll, dispatch, records — survives the event it is responding to. — at 11–12","Write down three things your household depends on that would stop working in a three-day power outage, and what the substitute would be."
SmartCiti.X : First Responder,"Emergency management: before, during and after",EM-41,K–2,Explorer,Emergency Management Reader,Helping without getting in the way,Spontaneous volunteers and unrequested donations can consume more capacity than they add. Affiliating in advance is what makes willingness useful. — at K–2,"Find one organisation in your area that registers disaster volunteers before an event, and write down what it asks of them."
SmartCiti.X : First Responder,"Emergency management: before, during and after",EM-42,3–5,Explorer,Emergency Management Reader,Helping without getting in the way,Spontaneous volunteers and unrequested donations can consume more capacity than they add. Affiliating in advance is what makes willingness useful. — at 3–5,"Find one organisation in your area that registers disaster volunteers before an event, and write down what it asks of them."
SmartCiti.X : First Responder,"Emergency management: before, during and after",EM-43,6–8,Builder,Emergency Management Reader,Helping without getting in the way,Spontaneous volunteers and unrequested donations can consume more capacity than they add. Affiliating in advance is what makes willingness useful. — at 6–8,"Find one organisation in your area that registers disaster volunteers before an event, and write down what it asks of them."
SmartCiti.X : First Responder,"Emergency management: before, during and after",EM-44,9–10,Practitioner,Emergency Management Reader,Helping without getting in the way,Spontaneous volunteers and unrequested donations can consume more capacity than they add. Affiliating in advance is what makes willingness useful. — at 9–10,"Find one organisation in your area that registers disaster volunteers before an event, and write down what it asks of them."
SmartCiti.X : First Responder,"Emergency management: before, during and after",EM-45,11–12,Lead,Emergency Management Reader,Helping without getting in the way,Spontaneous volunteers and unrequested donations can consume more capacity than they add. Affiliating in advance is what makes willingness useful. — at 11–12,"Find one organisation in your area that registers disaster volunteers before an event, and write down what it asks of them."
SmartCiti.X : First Responder,"Emergency management: before, during and after",EM-46,K–2,Explorer,Emergency Management Reader,Planning for everyone who is actually there,"A plan that works only for people who can walk, see, hear, read the language and travel by car does not work. Access and functional needs are designed in or they are absent. — at K–2","Re-read your household's emergency plan as if one member could not walk or could not read the local language, and write down the first thing that breaks."
SmartCiti.X : First Responder,"Emergency management: before, during and after",EM-47,3–5,Explorer,Emergency Management Reader,Planning for everyone who is actually there,"A plan that works only for people who can walk, see, hear, read the language and travel by car does not work. Access and functional needs are designed in or they are absent. — at 3–5","Re-read your household's emergency plan as if one member could not walk or could not read the local language, and write down the first thing that breaks."
SmartCiti.X : First Responder,"Emergency management: before, during and after",EM-48,6–8,Builder,Emergency Management Reader,Planning for everyone who is actually there,"A plan that works only for people who can walk, see, hear, read the language and travel by car does not work. Access and functional needs are designed in or they are absent. — at 6–8","Re-read your household's emergency plan as if one member could not walk or could not read the local language, and write down the first thing that breaks."
SmartCiti.X : First Responder,"Emergency management: before, during and after",EM-49,9–10,Practitioner,Emergency Management Reader,Planning for everyone who is actually there,"A plan that works only for people who can walk, see, hear, read the language and travel by car does not work. Access and functional needs are designed in or they are absent. — at 9–10","Re-read your household's emergency plan as if one member could not walk or could not read the local language, and write down the first thing that breaks."
SmartCiti.X : First Responder,"Emergency management: before, during and after",EM-50,11–12,Lead,Emergency Management Reader,Planning for everyone who is actually there,"A plan that works only for people who can walk, see, hear, read the language and travel by car does not work. Access and functional needs are designed in or they are absent. — at 11–12","Re-read your household's emergency plan as if one member could not walk or could not read the local language, and write down the first thing that breaks."
SmartCiti.X : First Responder,Social work and crisis response: the part nobody photographs,CR-1,K–2,Explorer,Crisis Response Reader,Ethics when the ground is moving,"Professional boundaries are hardest and most necessary under disaster conditions, when everyone is improvising and the usual structures are gone. — at K–2",Find the published social work code of ethics and write down two obligations it states that would be hard to hold during a disaster.
SmartCiti.X : First Responder,Social work and crisis response: the part nobody photographs,CR-2,3–5,Explorer,Crisis Response Reader,Ethics when the ground is moving,"Professional boundaries are hardest and most necessary under disaster conditions, when everyone is improvising and the usual structures are gone. — at 3–5",Find the published social work code of ethics and write down two obligations it states that would be hard to hold during a disaster.
SmartCiti.X : First Responder,Social work and crisis response: the part nobody photographs,CR-3,6–8,Builder,Crisis Response Reader,Ethics when the ground is moving,"Professional boundaries are hardest and most necessary under disaster conditions, when everyone is improvising and the usual structures are gone. — at 6–8",Find the published social work code of ethics and write down two obligations it states that would be hard to hold during a disaster.
SmartCiti.X : First Responder,Social work and crisis response: the part nobody photographs,CR-4,9–10,Practitioner,Crisis Response Reader,Ethics when the ground is moving,"Professional boundaries are hardest and most necessary under disaster conditions, when everyone is improvising and the usual structures are gone. — at 9–10",Find the published social work code of ethics and write down two obligations it states that would be hard to hold during a disaster.
SmartCiti.X : First Responder,Social work and crisis response: the part nobody photographs,CR-5,11–12,Lead,Crisis Response Reader,Ethics when the ground is moving,"Professional boundaries are hardest and most necessary under disaster conditions, when everyone is improvising and the usual structures are gone. — at 11–12",Find the published social work code of ethics and write down two obligations it states that would be hard to hold during a disaster.
SmartCiti.X : First Responder,Social work and crisis response: the part nobody photographs,CR-6,K–2,Explorer,Crisis Response Reader,Assume there is a history you cannot see,"Trauma-informed practice is a default posture, not a special mode: it assumes people's reactions have causes you do not know and are not entitled to. — at K–2",Write down three ways a person might behave when frightened that could easily be mistaken for rudeness or non-cooperation.
SmartCiti.X : First Responder,Social work and crisis response: the part nobody photographs,CR-7,3–5,Explorer,Crisis Response Reader,Assume there is a history you cannot see,"Trauma-informed practice is a default posture, not a special mode: it assumes people's reactions have causes you do not know and are not entitled to. — at 3–5",Write down three ways a person might behave when frightened that could easily be mistaken for rudeness or non-cooperation.
SmartCiti.X : First Responder,Social work and crisis response: the part nobody photographs,CR-8,6–8,Builder,Crisis Response Reader,Assume there is a history you cannot see,"Trauma-informed practice is a default posture, not a special mode: it assumes people's reactions have causes you do not know and are not entitled to. — at 6–8",Write down three ways a person might behave when frightened that could easily be mistaken for rudeness or non-cooperation.
SmartCiti.X : First Responder,Social work and crisis response: the part nobody photographs,CR-9,9–10,Practitioner,Crisis Response Reader,Assume there is a history you cannot see,"Trauma-informed practice is a default posture, not a special mode: it assumes people's reactions have causes you do not know and are not entitled to. — at 9–10",Write down three ways a person might behave when frightened that could easily be mistaken for rudeness or non-cooperation.
SmartCiti.X : First Responder,Social work and crisis response: the part nobody photographs,CR-10,11–12,Lead,Crisis Response Reader,Assume there is a history you cannot see,"Trauma-informed practice is a default posture, not a special mode: it assumes people's reactions have causes you do not know and are not entitled to. — at 11–12",Write down three ways a person might behave when frightened that could easily be mistaken for rudeness or non-cooperation.
SmartCiti.X : First Responder,Social work and crisis response: the part nobody photographs,CR-11,K–2,Explorer,Crisis Response Reader,The first thing you say,Engagement in a crisis contact is about lowering threat and establishing that the person is being treated as a person. It is mostly listening and time. — at K–2,Find published guidance on psychological first aid and write down three things it says NOT to do. Do not practise any technique on anyone.
SmartCiti.X : First Responder,Social work and crisis response: the part nobody photographs,CR-12,3–5,Explorer,Crisis Response Reader,The first thing you say,Engagement in a crisis contact is about lowering threat and establishing that the person is being treated as a person. It is mostly listening and time. — at 3–5,Find published guidance on psychological first aid and write down three things it says NOT to do. Do not practise any technique on anyone.
SmartCiti.X : First Responder,Social work and crisis response: the part nobody photographs,CR-13,6–8,Builder,Crisis Response Reader,The first thing you say,Engagement in a crisis contact is about lowering threat and establishing that the person is being treated as a person. It is mostly listening and time. — at 6–8,Find published guidance on psychological first aid and write down three things it says NOT to do. Do not practise any technique on anyone.
SmartCiti.X : First Responder,Social work and crisis response: the part nobody photographs,CR-14,9–10,Practitioner,Crisis Response Reader,The first thing you say,Engagement in a crisis contact is about lowering threat and establishing that the person is being treated as a person. It is mostly listening and time. — at 9–10,Find published guidance on psychological first aid and write down three things it says NOT to do. Do not practise any technique on anyone.
SmartCiti.X : First Responder,Social work and crisis response: the part nobody photographs,CR-15,11–12,Lead,Crisis Response Reader,The first thing you say,Engagement in a crisis contact is about lowering threat and establishing that the person is being treated as a person. It is mostly listening and time. — at 11–12,Find published guidance on psychological first aid and write down three things it says NOT to do. Do not practise any technique on anyone.
SmartCiti.X : First Responder,Social work and crisis response: the part nobody photographs,CR-16,K–2,Explorer,Crisis Response Reader,Knowing where to send somebody,A referral is only as good as the pathway behind it. Screening identifies a need; the pathway is what turns it into help that actually arrives. — at K–2,"Map three real services in your area — food, housing, behavioural health — and write down, for each, how a person would actually reach it and what it costs."
SmartCiti.X : First Responder,Social work and crisis response: the part nobody photographs,CR-17,3–5,Explorer,Crisis Response Reader,Knowing where to send somebody,A referral is only as good as the pathway behind it. Screening identifies a need; the pathway is what turns it into help that actually arrives. — at 3–5,"Map three real services in your area — food, housing, behavioural health — and write down, for each, how a person would actually reach it and what it costs."
SmartCiti.X : First Responder,Social work and crisis response: the part nobody photographs,CR-18,6–8,Builder,Crisis Response Reader,Knowing where to send somebody,A referral is only as good as the pathway behind it. Screening identifies a need; the pathway is what turns it into help that actually arrives. — at 6–8,"Map three real services in your area — food, housing, behavioural health — and write down, for each, how a person would actually reach it and what it costs."
SmartCiti.X : First Responder,Social work and crisis response: the part nobody photographs,CR-19,9–10,Practitioner,Crisis Response Reader,Knowing where to send somebody,A referral is only as good as the pathway behind it. Screening identifies a need; the pathway is what turns it into help that actually arrives. — at 9–10,"Map three real services in your area — food, housing, behavioural health — and write down, for each, how a person would actually reach it and what it costs."
SmartCiti.X : First Responder,Social work and crisis response: the part nobody photographs,CR-20,11–12,Lead,Crisis Response Reader,Knowing where to send somebody,A referral is only as good as the pathway behind it. Screening identifies a need; the pathway is what turns it into help that actually arrives. — at 11–12,"Map three real services in your area — food, housing, behavioural health — and write down, for each, how a person would actually reach it and what it costs."
SmartCiti.X : First Responder,Social work and crisis response: the part nobody photographs,CR-21,K–2,Explorer,Crisis Response Reader,When you are required to report,"Mandated reporting is a legal duty with defined triggers. Knowing whether you are a mandated reporter, and on what, is not optional knowledge. — at K–2","Find your state's published list of mandated reporters and write down whether a teacher, a coach and a volunteer are included."
SmartCiti.X : First Responder,Social work and crisis response: the part nobody photographs,CR-22,3–5,Explorer,Crisis Response Reader,When you are required to report,"Mandated reporting is a legal duty with defined triggers. Knowing whether you are a mandated reporter, and on what, is not optional knowledge. — at 3–5","Find your state's published list of mandated reporters and write down whether a teacher, a coach and a volunteer are included."
SmartCiti.X : First Responder,Social work and crisis response: the part nobody photographs,CR-23,6–8,Builder,Crisis Response Reader,When you are required to report,"Mandated reporting is a legal duty with defined triggers. Knowing whether you are a mandated reporter, and on what, is not optional knowledge. — at 6–8","Find your state's published list of mandated reporters and write down whether a teacher, a coach and a volunteer are included."
SmartCiti.X : First Responder,Social work and crisis response: the part nobody photographs,CR-24,9–10,Practitioner,Crisis Response Reader,When you are required to report,"Mandated reporting is a legal duty with defined triggers. Knowing whether you are a mandated reporter, and on what, is not optional knowledge. — at 9–10","Find your state's published list of mandated reporters and write down whether a teacher, a coach and a volunteer are included."
SmartCiti.X : First Responder,Social work and crisis response: the part nobody photographs,CR-25,11–12,Lead,Crisis Response Reader,When you are required to report,"Mandated reporting is a legal duty with defined triggers. Knowing whether you are a mandated reporter, and on what, is not optional knowledge. — at 11–12","Find your state's published list of mandated reporters and write down whether a teacher, a coach and a volunteer are included."
SmartCiti.X : First Responder,Social work and crisis response: the part nobody photographs,CR-26,K–2,Explorer,Crisis Response Reader,"Two professions, one call",Co-response pairs a clinician with another service. It works when each knows exactly which decisions are theirs and says so before the door opens. — at K–2,"Find whether your area runs any co-response or crisis team, and write down which professions it pairs, or that none is published."
SmartCiti.X : First Responder,Social work and crisis response: the part nobody photographs,CR-27,3–5,Explorer,Crisis Response Reader,"Two professions, one call",Co-response pairs a clinician with another service. It works when each knows exactly which decisions are theirs and says so before the door opens. — at 3–5,"Find whether your area runs any co-response or crisis team, and write down which professions it pairs, or that none is published."
SmartCiti.X : First Responder,Social work and crisis response: the part nobody photographs,CR-28,6–8,Builder,Crisis Response Reader,"Two professions, one call",Co-response pairs a clinician with another service. It works when each knows exactly which decisions are theirs and says so before the door opens. — at 6–8,"Find whether your area runs any co-response or crisis team, and write down which professions it pairs, or that none is published."
SmartCiti.X : First Responder,Social work and crisis response: the part nobody photographs,CR-29,9–10,Practitioner,Crisis Response Reader,"Two professions, one call",Co-response pairs a clinician with another service. It works when each knows exactly which decisions are theirs and says so before the door opens. — at 9–10,"Find whether your area runs any co-response or crisis team, and write down which professions it pairs, or that none is published."
SmartCiti.X : First Responder,Social work and crisis response: the part nobody photographs,CR-30,11–12,Lead,Crisis Response Reader,"Two professions, one call",Co-response pairs a clinician with another service. It works when each knows exactly which decisions are theirs and says so before the door opens. — at 11–12,"Find whether your area runs any co-response or crisis team, and write down which professions it pairs, or that none is published."
SmartCiti.X : First Responder,Social work and crisis response: the part nobody photographs,CR-31,K–2,Explorer,Crisis Response Reader,You are not the default,"Cultural humility means treating your own assumptions as the unusual case, and language access as a requirement rather than a courtesy. — at K–2","Find out what languages emergency information is published in for your area, and write down what a household speaking a fourth language would actually do."
SmartCiti.X : First Responder,Social work and crisis response: the part nobody photographs,CR-32,3–5,Explorer,Crisis Response Reader,You are not the default,"Cultural humility means treating your own assumptions as the unusual case, and language access as a requirement rather than a courtesy. — at 3–5","Find out what languages emergency information is published in for your area, and write down what a household speaking a fourth language would actually do."
SmartCiti.X : First Responder,Social work and crisis response: the part nobody photographs,CR-33,6–8,Builder,Crisis Response Reader,You are not the default,"Cultural humility means treating your own assumptions as the unusual case, and language access as a requirement rather than a courtesy. — at 6–8","Find out what languages emergency information is published in for your area, and write down what a household speaking a fourth language would actually do."
SmartCiti.X : First Responder,Social work and crisis response: the part nobody photographs,CR-34,9–10,Practitioner,Crisis Response Reader,You are not the default,"Cultural humility means treating your own assumptions as the unusual case, and language access as a requirement rather than a courtesy. — at 9–10","Find out what languages emergency information is published in for your area, and write down what a household speaking a fourth language would actually do."
SmartCiti.X : First Responder,Social work and crisis response: the part nobody photographs,CR-35,11–12,Lead,Crisis Response Reader,You are not the default,"Cultural humility means treating your own assumptions as the unusual case, and language access as a requirement rather than a courtesy. — at 11–12","Find out what languages emergency information is published in for your area, and write down what a household speaking a fourth language would actually do."
SmartCiti.X : First Responder,Social work and crisis response: the part nobody photographs,CR-36,K–2,Explorer,Crisis Response Reader,"Writing it down, and who may read it","Documentation is care, and confidentiality is a duty with specific legal limits. Both matter most when a situation is chaotic. — at K–2",Find one published privacy notice from a health or social service and write down two situations where it says information may be shared without consent.
SmartCiti.X : First Responder,Social work and crisis response: the part nobody photographs,CR-37,3–5,Explorer,Crisis Response Reader,"Writing it down, and who may read it","Documentation is care, and confidentiality is a duty with specific legal limits. Both matter most when a situation is chaotic. — at 3–5",Find one published privacy notice from a health or social service and write down two situations where it says information may be shared without consent.
SmartCiti.X : First Responder,Social work and crisis response: the part nobody photographs,CR-38,6–8,Builder,Crisis Response Reader,"Writing it down, and who may read it","Documentation is care, and confidentiality is a duty with specific legal limits. Both matter most when a situation is chaotic. — at 6–8",Find one published privacy notice from a health or social service and write down two situations where it says information may be shared without consent.
SmartCiti.X : First Responder,Social work and crisis response: the part nobody photographs,CR-39,9–10,Practitioner,Crisis Response Reader,"Writing it down, and who may read it","Documentation is care, and confidentiality is a duty with specific legal limits. Both matter most when a situation is chaotic. — at 9–10",Find one published privacy notice from a health or social service and write down two situations where it says information may be shared without consent.
SmartCiti.X : First Responder,Social work and crisis response: the part nobody photographs,CR-40,11–12,Lead,Crisis Response Reader,"Writing it down, and who may read it","Documentation is care, and confidentiality is a duty with specific legal limits. Both matter most when a situation is chaotic. — at 11–12",Find one published privacy notice from a health or social service and write down two situations where it says information may be shared without consent.
SmartCiti.X : First Responder,Social work and crisis response: the part nobody photographs,CR-41,K–2,Explorer,Crisis Response Reader,Psychological first aid is not therapy,"In a disaster the immediate work is safety, calm, connection and practical help — not treatment. Knowing the difference protects people from well-meant harm. — at K–2","Write down, from the published guidance you found earlier, the boundary between what psychological first aid offers and what requires a licensed professional."
SmartCiti.X : First Responder,Social work and crisis response: the part nobody photographs,CR-42,3–5,Explorer,Crisis Response Reader,Psychological first aid is not therapy,"In a disaster the immediate work is safety, calm, connection and practical help — not treatment. Knowing the difference protects people from well-meant harm. — at 3–5","Write down, from the published guidance you found earlier, the boundary between what psychological first aid offers and what requires a licensed professional."
SmartCiti.X : First Responder,Social work and crisis response: the part nobody photographs,CR-43,6–8,Builder,Crisis Response Reader,Psychological first aid is not therapy,"In a disaster the immediate work is safety, calm, connection and practical help — not treatment. Knowing the difference protects people from well-meant harm. — at 6–8","Write down, from the published guidance you found earlier, the boundary between what psychological first aid offers and what requires a licensed professional."
SmartCiti.X : First Responder,Social work and crisis response: the part nobody photographs,CR-44,9–10,Practitioner,Crisis Response Reader,Psychological first aid is not therapy,"In a disaster the immediate work is safety, calm, connection and practical help — not treatment. Knowing the difference protects people from well-meant harm. — at 9–10","Write down, from the published guidance you found earlier, the boundary between what psychological first aid offers and what requires a licensed professional."
SmartCiti.X : First Responder,Social work and crisis response: the part nobody photographs,CR-45,11–12,Lead,Crisis Response Reader,Psychological first aid is not therapy,"In a disaster the immediate work is safety, calm, connection and practical help — not treatment. Knowing the difference protects people from well-meant harm. — at 11–12","Write down, from the published guidance you found earlier, the boundary between what psychological first aid offers and what requires a licensed professional."
SmartCiti.X : First Responder,Social work and crisis response: the part nobody photographs,CR-46,K–2,Explorer,Crisis Response Reader,The harm that accumulates in the helper,Vicarious trauma is an occupational exposure with a known shape. Supervision exists to catch it in people who will not report it about themselves. — at K–2,"Write down who would notice if you were not coping, and whether they would say so to you. Then write down who you would notice, and whether you would say so."
SmartCiti.X : First Responder,Social work and crisis response: the part nobody photographs,CR-47,3–5,Explorer,Crisis Response Reader,The harm that accumulates in the helper,Vicarious trauma is an occupational exposure with a known shape. Supervision exists to catch it in people who will not report it about themselves. — at 3–5,"Write down who would notice if you were not coping, and whether they would say so to you. Then write down who you would notice, and whether you would say so."
SmartCiti.X : First Responder,Social work and crisis response: the part nobody photographs,CR-48,6–8,Builder,Crisis Response Reader,The harm that accumulates in the helper,Vicarious trauma is an occupational exposure with a known shape. Supervision exists to catch it in people who will not report it about themselves. — at 6–8,"Write down who would notice if you were not coping, and whether they would say so to you. Then write down who you would notice, and whether you would say so."
SmartCiti.X : First Responder,Social work and crisis response: the part nobody photographs,CR-49,9–10,Practitioner,Crisis Response Reader,The harm that accumulates in the helper,Vicarious trauma is an occupational exposure with a known shape. Supervision exists to catch it in people who will not report it about themselves. — at 9–10,"Write down who would notice if you were not coping, and whether they would say so to you. Then write down who you would notice, and whether you would say so."
SmartCiti.X : First Responder,Social work and crisis response: the part nobody photographs,CR-50,11–12,Lead,Crisis Response Reader,The harm that accumulates in the helper,Vicarious trauma is an occupational exposure with a known shape. Supervision exists to catch it in people who will not report it about themselves. — at 11–12,"Write down who would notice if you were not coping, and whether they would say so to you. Then write down who you would notice, and whether you would say so."
