pack,track,code,grade,level,credential,theme,description,transfer_check
Trades in the Classroom : Flipped & Gamified,"The flipped lesson: learn at home, build in class",FL-1,K–2,Explorer,Flipped Classroom Lead,Why the hands get the classroom,"The core trade of the flipped model — lecture moves home so the teacher's live hours go to the bench, where struggle is visible and help is immediate. — at K–2","Take one lesson you know well, split it into an at-home watch and an in-class build, and say what the teacher now sees that lecturing hid."
Trades in the Classroom : Flipped & Gamified,"The flipped lesson: learn at home, build in class",FL-2,3–5,Explorer,Flipped Classroom Lead,Why the hands get the classroom,"The core trade of the flipped model — lecture moves home so the teacher's live hours go to the bench, where struggle is visible and help is immediate. — at 3–5","Take one lesson you know well, split it into an at-home watch and an in-class build, and say what the teacher now sees that lecturing hid."
Trades in the Classroom : Flipped & Gamified,"The flipped lesson: learn at home, build in class",FL-3,6–8,Builder,Flipped Classroom Lead,Why the hands get the classroom,"The core trade of the flipped model — lecture moves home so the teacher's live hours go to the bench, where struggle is visible and help is immediate. — at 6–8","Take one lesson you know well, split it into an at-home watch and an in-class build, and say what the teacher now sees that lecturing hid."
Trades in the Classroom : Flipped & Gamified,"The flipped lesson: learn at home, build in class",FL-4,9–10,Practitioner,Flipped Classroom Lead,Why the hands get the classroom,"The core trade of the flipped model — lecture moves home so the teacher's live hours go to the bench, where struggle is visible and help is immediate. — at 9–10","Take one lesson you know well, split it into an at-home watch and an in-class build, and say what the teacher now sees that lecturing hid."
Trades in the Classroom : Flipped & Gamified,"The flipped lesson: learn at home, build in class",FL-5,11–12,Lead,Flipped Classroom Lead,Why the hands get the classroom,"The core trade of the flipped model — lecture moves home so the teacher's live hours go to the bench, where struggle is visible and help is immediate. — at 11–12","Take one lesson you know well, split it into an at-home watch and an in-class build, and say what the teacher now sees that lecturing hid."
Trades in the Classroom : Flipped & Gamified,"The flipped lesson: learn at home, build in class",FL-6,K–2,Explorer,Flipped Classroom Lead,The seven-minute watch,"What an at-home segment must be — one concept, under ten minutes, ending in a question the class will answer at the bench. — at K–2","Script and record a seven-minute concept segment for one trade skill, ending on the question the next day's build answers."
Trades in the Classroom : Flipped & Gamified,"The flipped lesson: learn at home, build in class",FL-7,3–5,Explorer,Flipped Classroom Lead,The seven-minute watch,"What an at-home segment must be — one concept, under ten minutes, ending in a question the class will answer at the bench. — at 3–5","Script and record a seven-minute concept segment for one trade skill, ending on the question the next day's build answers."
Trades in the Classroom : Flipped & Gamified,"The flipped lesson: learn at home, build in class",FL-8,6–8,Builder,Flipped Classroom Lead,The seven-minute watch,"What an at-home segment must be — one concept, under ten minutes, ending in a question the class will answer at the bench. — at 6–8","Script and record a seven-minute concept segment for one trade skill, ending on the question the next day's build answers."
Trades in the Classroom : Flipped & Gamified,"The flipped lesson: learn at home, build in class",FL-9,9–10,Practitioner,Flipped Classroom Lead,The seven-minute watch,"What an at-home segment must be — one concept, under ten minutes, ending in a question the class will answer at the bench. — at 9–10","Script and record a seven-minute concept segment for one trade skill, ending on the question the next day's build answers."
Trades in the Classroom : Flipped & Gamified,"The flipped lesson: learn at home, build in class",FL-10,11–12,Lead,Flipped Classroom Lead,The seven-minute watch,"What an at-home segment must be — one concept, under ten minutes, ending in a question the class will answer at the bench. — at 11–12","Script and record a seven-minute concept segment for one trade skill, ending on the question the next day's build answers."
Trades in the Classroom : Flipped & Gamified,"The flipped lesson: learn at home, build in class",FL-11,K–2,Explorer,Flipped Classroom Lead,The bench is the lesson plan,"Designing the in-class build: stations, materials, the one skill each station proves, and the rotation that keeps every hand busy. — at K–2","Design a four-station bench plan for one class period, with the skill each station proves and the rotation timed on paper."
Trades in the Classroom : Flipped & Gamified,"The flipped lesson: learn at home, build in class",FL-12,3–5,Explorer,Flipped Classroom Lead,The bench is the lesson plan,"Designing the in-class build: stations, materials, the one skill each station proves, and the rotation that keeps every hand busy. — at 3–5","Design a four-station bench plan for one class period, with the skill each station proves and the rotation timed on paper."
Trades in the Classroom : Flipped & Gamified,"The flipped lesson: learn at home, build in class",FL-13,6–8,Builder,Flipped Classroom Lead,The bench is the lesson plan,"Designing the in-class build: stations, materials, the one skill each station proves, and the rotation that keeps every hand busy. — at 6–8","Design a four-station bench plan for one class period, with the skill each station proves and the rotation timed on paper."
Trades in the Classroom : Flipped & Gamified,"The flipped lesson: learn at home, build in class",FL-14,9–10,Practitioner,Flipped Classroom Lead,The bench is the lesson plan,"Designing the in-class build: stations, materials, the one skill each station proves, and the rotation that keeps every hand busy. — at 9–10","Design a four-station bench plan for one class period, with the skill each station proves and the rotation timed on paper."
Trades in the Classroom : Flipped & Gamified,"The flipped lesson: learn at home, build in class",FL-15,11–12,Lead,Flipped Classroom Lead,The bench is the lesson plan,"Designing the in-class build: stations, materials, the one skill each station proves, and the rotation that keeps every hand busy. — at 11–12","Design a four-station bench plan for one class period, with the skill each station proves and the rotation timed on paper."
Trades in the Classroom : Flipped & Gamified,"The flipped lesson: learn at home, build in class",FL-16,K–2,Explorer,Flipped Classroom Lead,When the watch doesn't happen,"The no-homework reality — the two-minute catch-up corner, the partner brief, and why the build must survive an unprepared third of the room. — at K–2","Add a catch-up path to a flipped lesson so a student who never saw the watch still builds meaningfully, and test it on someone cold."
Trades in the Classroom : Flipped & Gamified,"The flipped lesson: learn at home, build in class",FL-17,3–5,Explorer,Flipped Classroom Lead,When the watch doesn't happen,"The no-homework reality — the two-minute catch-up corner, the partner brief, and why the build must survive an unprepared third of the room. — at 3–5","Add a catch-up path to a flipped lesson so a student who never saw the watch still builds meaningfully, and test it on someone cold."
Trades in the Classroom : Flipped & Gamified,"The flipped lesson: learn at home, build in class",FL-18,6–8,Builder,Flipped Classroom Lead,When the watch doesn't happen,"The no-homework reality — the two-minute catch-up corner, the partner brief, and why the build must survive an unprepared third of the room. — at 6–8","Add a catch-up path to a flipped lesson so a student who never saw the watch still builds meaningfully, and test it on someone cold."
Trades in the Classroom : Flipped & Gamified,"The flipped lesson: learn at home, build in class",FL-19,9–10,Practitioner,Flipped Classroom Lead,When the watch doesn't happen,"The no-homework reality — the two-minute catch-up corner, the partner brief, and why the build must survive an unprepared third of the room. — at 9–10","Add a catch-up path to a flipped lesson so a student who never saw the watch still builds meaningfully, and test it on someone cold."
Trades in the Classroom : Flipped & Gamified,"The flipped lesson: learn at home, build in class",FL-20,11–12,Lead,Flipped Classroom Lead,When the watch doesn't happen,"The no-homework reality — the two-minute catch-up corner, the partner brief, and why the build must survive an unprepared third of the room. — at 11–12","Add a catch-up path to a flipped lesson so a student who never saw the watch still builds meaningfully, and test it on someone cold."
Trades in the Classroom : Flipped & Gamified,"The flipped lesson: learn at home, build in class",FL-21,K–2,Explorer,Flipped Classroom Lead,The transfer check closes the loop,"Every flipped cycle ends the Cognition.X way — a check on real material, witnessed, recorded — not a quiz about the video. — at K–2","Write the transfer check for one flipped cycle so it can only be passed at the bench, never by quoting the video."
Trades in the Classroom : Flipped & Gamified,"The flipped lesson: learn at home, build in class",FL-22,3–5,Explorer,Flipped Classroom Lead,The transfer check closes the loop,"Every flipped cycle ends the Cognition.X way — a check on real material, witnessed, recorded — not a quiz about the video. — at 3–5","Write the transfer check for one flipped cycle so it can only be passed at the bench, never by quoting the video."
Trades in the Classroom : Flipped & Gamified,"The flipped lesson: learn at home, build in class",FL-23,6–8,Builder,Flipped Classroom Lead,The transfer check closes the loop,"Every flipped cycle ends the Cognition.X way — a check on real material, witnessed, recorded — not a quiz about the video. — at 6–8","Write the transfer check for one flipped cycle so it can only be passed at the bench, never by quoting the video."
Trades in the Classroom : Flipped & Gamified,"The flipped lesson: learn at home, build in class",FL-24,9–10,Practitioner,Flipped Classroom Lead,The transfer check closes the loop,"Every flipped cycle ends the Cognition.X way — a check on real material, witnessed, recorded — not a quiz about the video. — at 9–10","Write the transfer check for one flipped cycle so it can only be passed at the bench, never by quoting the video."
Trades in the Classroom : Flipped & Gamified,"The flipped lesson: learn at home, build in class",FL-25,11–12,Lead,Flipped Classroom Lead,The transfer check closes the loop,"Every flipped cycle ends the Cognition.X way — a check on real material, witnessed, recorded — not a quiz about the video. — at 11–12","Write the transfer check for one flipped cycle so it can only be passed at the bench, never by quoting the video."
Trades in the Classroom : Flipped & Gamified,"The flipped lesson: learn at home, build in class",FL-26,K–2,Explorer,Flipped Classroom Lead,Flipping a trade versus flipping a subject,"What changes when the content is a craft — safety gates before tools, demonstration before description, and the mentor's eye on form. — at K–2","Take a safety-gated tool skill and show which parts may flip home (concept, hazard map) and which must never (first live use), with reasons."
Trades in the Classroom : Flipped & Gamified,"The flipped lesson: learn at home, build in class",FL-27,3–5,Explorer,Flipped Classroom Lead,Flipping a trade versus flipping a subject,"What changes when the content is a craft — safety gates before tools, demonstration before description, and the mentor's eye on form. — at 3–5","Take a safety-gated tool skill and show which parts may flip home (concept, hazard map) and which must never (first live use), with reasons."
Trades in the Classroom : Flipped & Gamified,"The flipped lesson: learn at home, build in class",FL-28,6–8,Builder,Flipped Classroom Lead,Flipping a trade versus flipping a subject,"What changes when the content is a craft — safety gates before tools, demonstration before description, and the mentor's eye on form. — at 6–8","Take a safety-gated tool skill and show which parts may flip home (concept, hazard map) and which must never (first live use), with reasons."
Trades in the Classroom : Flipped & Gamified,"The flipped lesson: learn at home, build in class",FL-29,9–10,Practitioner,Flipped Classroom Lead,Flipping a trade versus flipping a subject,"What changes when the content is a craft — safety gates before tools, demonstration before description, and the mentor's eye on form. — at 9–10","Take a safety-gated tool skill and show which parts may flip home (concept, hazard map) and which must never (first live use), with reasons."
Trades in the Classroom : Flipped & Gamified,"The flipped lesson: learn at home, build in class",FL-30,11–12,Lead,Flipped Classroom Lead,Flipping a trade versus flipping a subject,"What changes when the content is a craft — safety gates before tools, demonstration before description, and the mentor's eye on form. — at 11–12","Take a safety-gated tool skill and show which parts may flip home (concept, hazard map) and which must never (first live use), with reasons."
Trades in the Classroom : Flipped & Gamified,"The flipped lesson: learn at home, build in class",FL-31,K–2,Explorer,Flipped Classroom Lead,The teacher and the tradesperson teach together,"The co-taught bench — the teacher runs the room, the union mentor runs the craft, and the lesson plan names who owns which minute. — at K–2","Co-plan one bench session with a real or role-played trade mentor, the plan naming who leads each segment and why."
Trades in the Classroom : Flipped & Gamified,"The flipped lesson: learn at home, build in class",FL-32,3–5,Explorer,Flipped Classroom Lead,The teacher and the tradesperson teach together,"The co-taught bench — the teacher runs the room, the union mentor runs the craft, and the lesson plan names who owns which minute. — at 3–5","Co-plan one bench session with a real or role-played trade mentor, the plan naming who leads each segment and why."
Trades in the Classroom : Flipped & Gamified,"The flipped lesson: learn at home, build in class",FL-33,6–8,Builder,Flipped Classroom Lead,The teacher and the tradesperson teach together,"The co-taught bench — the teacher runs the room, the union mentor runs the craft, and the lesson plan names who owns which minute. — at 6–8","Co-plan one bench session with a real or role-played trade mentor, the plan naming who leads each segment and why."
Trades in the Classroom : Flipped & Gamified,"The flipped lesson: learn at home, build in class",FL-34,9–10,Practitioner,Flipped Classroom Lead,The teacher and the tradesperson teach together,"The co-taught bench — the teacher runs the room, the union mentor runs the craft, and the lesson plan names who owns which minute. — at 9–10","Co-plan one bench session with a real or role-played trade mentor, the plan naming who leads each segment and why."
Trades in the Classroom : Flipped & Gamified,"The flipped lesson: learn at home, build in class",FL-35,11–12,Lead,Flipped Classroom Lead,The teacher and the tradesperson teach together,"The co-taught bench — the teacher runs the room, the union mentor runs the craft, and the lesson plan names who owns which minute. — at 11–12","Co-plan one bench session with a real or role-played trade mentor, the plan naming who leads each segment and why."
Trades in the Classroom : Flipped & Gamified,"The flipped lesson: learn at home, build in class",FL-36,K–2,Explorer,Flipped Classroom Lead,Homework the family can join,"At-home segments designed for the kitchen table — a parent measures, a sibling times, the household becomes the first crew. — at K–2","Design one at-home segment that requires a second person in the household, and collect what that person noticed."
Trades in the Classroom : Flipped & Gamified,"The flipped lesson: learn at home, build in class",FL-37,3–5,Explorer,Flipped Classroom Lead,Homework the family can join,"At-home segments designed for the kitchen table — a parent measures, a sibling times, the household becomes the first crew. — at 3–5","Design one at-home segment that requires a second person in the household, and collect what that person noticed."
Trades in the Classroom : Flipped & Gamified,"The flipped lesson: learn at home, build in class",FL-38,6–8,Builder,Flipped Classroom Lead,Homework the family can join,"At-home segments designed for the kitchen table — a parent measures, a sibling times, the household becomes the first crew. — at 6–8","Design one at-home segment that requires a second person in the household, and collect what that person noticed."
Trades in the Classroom : Flipped & Gamified,"The flipped lesson: learn at home, build in class",FL-39,9–10,Practitioner,Flipped Classroom Lead,Homework the family can join,"At-home segments designed for the kitchen table — a parent measures, a sibling times, the household becomes the first crew. — at 9–10","Design one at-home segment that requires a second person in the household, and collect what that person noticed."
Trades in the Classroom : Flipped & Gamified,"The flipped lesson: learn at home, build in class",FL-40,11–12,Lead,Flipped Classroom Lead,Homework the family can join,"At-home segments designed for the kitchen table — a parent measures, a sibling times, the household becomes the first crew. — at 11–12","Design one at-home segment that requires a second person in the household, and collect what that person noticed."
Trades in the Classroom : Flipped & Gamified,"The flipped lesson: learn at home, build in class",FL-41,K–2,Explorer,Flipped Classroom Lead,Evidence over impressions,Reading a flipped unit honestly — watch-completion is not learning; the bench record and the check ledger are the truth. — at K–2,Compare watch-completion data with bench outcomes for one unit (real or supplied) and name one student the video numbers misjudged.
Trades in the Classroom : Flipped & Gamified,"The flipped lesson: learn at home, build in class",FL-42,3–5,Explorer,Flipped Classroom Lead,Evidence over impressions,Reading a flipped unit honestly — watch-completion is not learning; the bench record and the check ledger are the truth. — at 3–5,Compare watch-completion data with bench outcomes for one unit (real or supplied) and name one student the video numbers misjudged.
Trades in the Classroom : Flipped & Gamified,"The flipped lesson: learn at home, build in class",FL-43,6–8,Builder,Flipped Classroom Lead,Evidence over impressions,Reading a flipped unit honestly — watch-completion is not learning; the bench record and the check ledger are the truth. — at 6–8,Compare watch-completion data with bench outcomes for one unit (real or supplied) and name one student the video numbers misjudged.
Trades in the Classroom : Flipped & Gamified,"The flipped lesson: learn at home, build in class",FL-44,9–10,Practitioner,Flipped Classroom Lead,Evidence over impressions,Reading a flipped unit honestly — watch-completion is not learning; the bench record and the check ledger are the truth. — at 9–10,Compare watch-completion data with bench outcomes for one unit (real or supplied) and name one student the video numbers misjudged.
Trades in the Classroom : Flipped & Gamified,"The flipped lesson: learn at home, build in class",FL-45,11–12,Lead,Flipped Classroom Lead,Evidence over impressions,Reading a flipped unit honestly — watch-completion is not learning; the bench record and the check ledger are the truth. — at 11–12,Compare watch-completion data with bench outcomes for one unit (real or supplied) and name one student the video numbers misjudged.
Trades in the Classroom : Flipped & Gamified,"The flipped lesson: learn at home, build in class",FL-46,K–2,Explorer,Flipped Classroom Lead,Scaling from one lesson to a course,"The term arc — sequencing flipped cycles so skills stack toward a credential, with review benches where the stack wobbles. — at K–2","Map a nine-week course as a chain of flipped cycles ending in one credential, marking the two review benches and what each re-proves."
Trades in the Classroom : Flipped & Gamified,"The flipped lesson: learn at home, build in class",FL-47,3–5,Explorer,Flipped Classroom Lead,Scaling from one lesson to a course,"The term arc — sequencing flipped cycles so skills stack toward a credential, with review benches where the stack wobbles. — at 3–5","Map a nine-week course as a chain of flipped cycles ending in one credential, marking the two review benches and what each re-proves."
Trades in the Classroom : Flipped & Gamified,"The flipped lesson: learn at home, build in class",FL-48,6–8,Builder,Flipped Classroom Lead,Scaling from one lesson to a course,"The term arc — sequencing flipped cycles so skills stack toward a credential, with review benches where the stack wobbles. — at 6–8","Map a nine-week course as a chain of flipped cycles ending in one credential, marking the two review benches and what each re-proves."
Trades in the Classroom : Flipped & Gamified,"The flipped lesson: learn at home, build in class",FL-49,9–10,Practitioner,Flipped Classroom Lead,Scaling from one lesson to a course,"The term arc — sequencing flipped cycles so skills stack toward a credential, with review benches where the stack wobbles. — at 9–10","Map a nine-week course as a chain of flipped cycles ending in one credential, marking the two review benches and what each re-proves."
Trades in the Classroom : Flipped & Gamified,"The flipped lesson: learn at home, build in class",FL-50,11–12,Lead,Flipped Classroom Lead,Scaling from one lesson to a course,"The term arc — sequencing flipped cycles so skills stack toward a credential, with review benches where the stack wobbles. — at 11–12","Map a nine-week course as a chain of flipped cycles ending in one credential, marking the two review benches and what each re-proves."
Trades in the Classroom : Flipped & Gamified,"The game layer: quests, guilds and honest points",GL-1,K–2,Explorer,Learning Game Designer,Why games work when they work,"The honest core of gamification — visible progress, near-term goals, safe failure — and the flow channel between boredom and panic. — at K–2","Take one skill you coach and mark its flow channel: the version that bores, the version that panics, and the step between."
Trades in the Classroom : Flipped & Gamified,"The game layer: quests, guilds and honest points",GL-2,3–5,Explorer,Learning Game Designer,Why games work when they work,"The honest core of gamification — visible progress, near-term goals, safe failure — and the flow channel between boredom and panic. — at 3–5","Take one skill you coach and mark its flow channel: the version that bores, the version that panics, and the step between."
Trades in the Classroom : Flipped & Gamified,"The game layer: quests, guilds and honest points",GL-3,6–8,Builder,Learning Game Designer,Why games work when they work,"The honest core of gamification — visible progress, near-term goals, safe failure — and the flow channel between boredom and panic. — at 6–8","Take one skill you coach and mark its flow channel: the version that bores, the version that panics, and the step between."
Trades in the Classroom : Flipped & Gamified,"The game layer: quests, guilds and honest points",GL-4,9–10,Practitioner,Learning Game Designer,Why games work when they work,"The honest core of gamification — visible progress, near-term goals, safe failure — and the flow channel between boredom and panic. — at 9–10","Take one skill you coach and mark its flow channel: the version that bores, the version that panics, and the step between."
Trades in the Classroom : Flipped & Gamified,"The game layer: quests, guilds and honest points",GL-5,11–12,Lead,Learning Game Designer,Why games work when they work,"The honest core of gamification — visible progress, near-term goals, safe failure — and the flow channel between boredom and panic. — at 11–12","Take one skill you coach and mark its flow channel: the version that bores, the version that panics, and the step between."
Trades in the Classroom : Flipped & Gamified,"The game layer: quests, guilds and honest points",GL-6,K–2,Explorer,Learning Game Designer,Points that mean something,"XP tied to demonstrated blocks, never attendance — if a point can be earned without competence, it will be, and the currency dies. — at K–2","Design the point rule for one unit so every point maps to a passed transfer check, and show how a hollow point would be impossible."
Trades in the Classroom : Flipped & Gamified,"The game layer: quests, guilds and honest points",GL-7,3–5,Explorer,Learning Game Designer,Points that mean something,"XP tied to demonstrated blocks, never attendance — if a point can be earned without competence, it will be, and the currency dies. — at 3–5","Design the point rule for one unit so every point maps to a passed transfer check, and show how a hollow point would be impossible."
Trades in the Classroom : Flipped & Gamified,"The game layer: quests, guilds and honest points",GL-8,6–8,Builder,Learning Game Designer,Points that mean something,"XP tied to demonstrated blocks, never attendance — if a point can be earned without competence, it will be, and the currency dies. — at 6–8","Design the point rule for one unit so every point maps to a passed transfer check, and show how a hollow point would be impossible."
Trades in the Classroom : Flipped & Gamified,"The game layer: quests, guilds and honest points",GL-9,9–10,Practitioner,Learning Game Designer,Points that mean something,"XP tied to demonstrated blocks, never attendance — if a point can be earned without competence, it will be, and the currency dies. — at 9–10","Design the point rule for one unit so every point maps to a passed transfer check, and show how a hollow point would be impossible."
Trades in the Classroom : Flipped & Gamified,"The game layer: quests, guilds and honest points",GL-10,11–12,Lead,Learning Game Designer,Points that mean something,"XP tied to demonstrated blocks, never attendance — if a point can be earned without competence, it will be, and the currency dies. — at 11–12","Design the point rule for one unit so every point maps to a passed transfer check, and show how a hollow point would be impossible."
Trades in the Classroom : Flipped & Gamified,"The game layer: quests, guilds and honest points",GL-11,K–2,Explorer,Learning Game Designer,The quest is a project with a story,"Wrapping a real build in a narrative worth finishing — the quest's goal, obstacle, and artifact the learner keeps. — at K–2","Rewrite one classroom build as a quest card — goal, obstacle, artifact — and run it past a learner for the 'would you start it' test."
Trades in the Classroom : Flipped & Gamified,"The game layer: quests, guilds and honest points",GL-12,3–5,Explorer,Learning Game Designer,The quest is a project with a story,"Wrapping a real build in a narrative worth finishing — the quest's goal, obstacle, and artifact the learner keeps. — at 3–5","Rewrite one classroom build as a quest card — goal, obstacle, artifact — and run it past a learner for the 'would you start it' test."
Trades in the Classroom : Flipped & Gamified,"The game layer: quests, guilds and honest points",GL-13,6–8,Builder,Learning Game Designer,The quest is a project with a story,"Wrapping a real build in a narrative worth finishing — the quest's goal, obstacle, and artifact the learner keeps. — at 6–8","Rewrite one classroom build as a quest card — goal, obstacle, artifact — and run it past a learner for the 'would you start it' test."
Trades in the Classroom : Flipped & Gamified,"The game layer: quests, guilds and honest points",GL-14,9–10,Practitioner,Learning Game Designer,The quest is a project with a story,"Wrapping a real build in a narrative worth finishing — the quest's goal, obstacle, and artifact the learner keeps. — at 9–10","Rewrite one classroom build as a quest card — goal, obstacle, artifact — and run it past a learner for the 'would you start it' test."
Trades in the Classroom : Flipped & Gamified,"The game layer: quests, guilds and honest points",GL-15,11–12,Lead,Learning Game Designer,The quest is a project with a story,"Wrapping a real build in a narrative worth finishing — the quest's goal, obstacle, and artifact the learner keeps. — at 11–12","Rewrite one classroom build as a quest card — goal, obstacle, artifact — and run it past a learner for the 'would you start it' test."
Trades in the Classroom : Flipped & Gamified,"The game layer: quests, guilds and honest points",GL-16,K–2,Explorer,Learning Game Designer,Guilds: the crew as the unit,"Small mixed crews with rotating roles — lead, safety, scribe, quartermaster — because the trades work in crews and so should the class. — at K–2","Form (or design) a four-person guild with rotating roles for a two-week quest, and write the rotation that gives everyone every seat."
Trades in the Classroom : Flipped & Gamified,"The game layer: quests, guilds and honest points",GL-17,3–5,Explorer,Learning Game Designer,Guilds: the crew as the unit,"Small mixed crews with rotating roles — lead, safety, scribe, quartermaster — because the trades work in crews and so should the class. — at 3–5","Form (or design) a four-person guild with rotating roles for a two-week quest, and write the rotation that gives everyone every seat."
Trades in the Classroom : Flipped & Gamified,"The game layer: quests, guilds and honest points",GL-18,6–8,Builder,Learning Game Designer,Guilds: the crew as the unit,"Small mixed crews with rotating roles — lead, safety, scribe, quartermaster — because the trades work in crews and so should the class. — at 6–8","Form (or design) a four-person guild with rotating roles for a two-week quest, and write the rotation that gives everyone every seat."
Trades in the Classroom : Flipped & Gamified,"The game layer: quests, guilds and honest points",GL-19,9–10,Practitioner,Learning Game Designer,Guilds: the crew as the unit,"Small mixed crews with rotating roles — lead, safety, scribe, quartermaster — because the trades work in crews and so should the class. — at 9–10","Form (or design) a four-person guild with rotating roles for a two-week quest, and write the rotation that gives everyone every seat."
Trades in the Classroom : Flipped & Gamified,"The game layer: quests, guilds and honest points",GL-20,11–12,Lead,Learning Game Designer,Guilds: the crew as the unit,"Small mixed crews with rotating roles — lead, safety, scribe, quartermaster — because the trades work in crews and so should the class. — at 11–12","Form (or design) a four-person guild with rotating roles for a two-week quest, and write the rotation that gives everyone every seat."
Trades in the Classroom : Flipped & Gamified,"The game layer: quests, guilds and honest points",GL-21,K–2,Explorer,Learning Game Designer,Leaderboards that don't humiliate,"Ranking crews not children, celebrating gains not totals — the design line between motivation and public shame. — at K–2","Design the unit's progress display so a struggling learner is never bottom of a public list, and explain what is celebrated instead."
Trades in the Classroom : Flipped & Gamified,"The game layer: quests, guilds and honest points",GL-22,3–5,Explorer,Learning Game Designer,Leaderboards that don't humiliate,"Ranking crews not children, celebrating gains not totals — the design line between motivation and public shame. — at 3–5","Design the unit's progress display so a struggling learner is never bottom of a public list, and explain what is celebrated instead."
Trades in the Classroom : Flipped & Gamified,"The game layer: quests, guilds and honest points",GL-23,6–8,Builder,Learning Game Designer,Leaderboards that don't humiliate,"Ranking crews not children, celebrating gains not totals — the design line between motivation and public shame. — at 6–8","Design the unit's progress display so a struggling learner is never bottom of a public list, and explain what is celebrated instead."
Trades in the Classroom : Flipped & Gamified,"The game layer: quests, guilds and honest points",GL-24,9–10,Practitioner,Learning Game Designer,Leaderboards that don't humiliate,"Ranking crews not children, celebrating gains not totals — the design line between motivation and public shame. — at 9–10","Design the unit's progress display so a struggling learner is never bottom of a public list, and explain what is celebrated instead."
Trades in the Classroom : Flipped & Gamified,"The game layer: quests, guilds and honest points",GL-25,11–12,Lead,Learning Game Designer,Leaderboards that don't humiliate,"Ranking crews not children, celebrating gains not totals — the design line between motivation and public shame. — at 11–12","Design the unit's progress display so a struggling learner is never bottom of a public list, and explain what is celebrated instead."
Trades in the Classroom : Flipped & Gamified,"The game layer: quests, guilds and honest points",GL-26,K–2,Explorer,Learning Game Designer,Badges are credentials in costume,Mapping the game's badges one-to-one onto the credential ladder — Explorer to Lead — so the fun layer and the real ledger agree. — at K–2,"Map a unit's badge set onto real credential levels so earning the badge and earning the level are the same event, shown on one page."
Trades in the Classroom : Flipped & Gamified,"The game layer: quests, guilds and honest points",GL-27,3–5,Explorer,Learning Game Designer,Badges are credentials in costume,Mapping the game's badges one-to-one onto the credential ladder — Explorer to Lead — so the fun layer and the real ledger agree. — at 3–5,"Map a unit's badge set onto real credential levels so earning the badge and earning the level are the same event, shown on one page."
Trades in the Classroom : Flipped & Gamified,"The game layer: quests, guilds and honest points",GL-28,6–8,Builder,Learning Game Designer,Badges are credentials in costume,Mapping the game's badges one-to-one onto the credential ladder — Explorer to Lead — so the fun layer and the real ledger agree. — at 6–8,"Map a unit's badge set onto real credential levels so earning the badge and earning the level are the same event, shown on one page."
Trades in the Classroom : Flipped & Gamified,"The game layer: quests, guilds and honest points",GL-29,9–10,Practitioner,Learning Game Designer,Badges are credentials in costume,Mapping the game's badges one-to-one onto the credential ladder — Explorer to Lead — so the fun layer and the real ledger agree. — at 9–10,"Map a unit's badge set onto real credential levels so earning the badge and earning the level are the same event, shown on one page."
Trades in the Classroom : Flipped & Gamified,"The game layer: quests, guilds and honest points",GL-30,11–12,Lead,Learning Game Designer,Badges are credentials in costume,Mapping the game's badges one-to-one onto the credential ladder — Explorer to Lead — so the fun layer and the real ledger agree. — at 11–12,"Map a unit's badge set onto real credential levels so earning the badge and earning the level are the same event, shown on one page."
Trades in the Classroom : Flipped & Gamified,"The game layer: quests, guilds and honest points",GL-31,K–2,Explorer,Learning Game Designer,The boss fight is a transfer check,"The unit's climax as its assessment — a timed, witnessed, real-material challenge the whole quest trained for. — at K–2","Design a boss-fight assessment for one unit that is exactly its transfer check staged with stakes, and name the witness role."
Trades in the Classroom : Flipped & Gamified,"The game layer: quests, guilds and honest points",GL-32,3–5,Explorer,Learning Game Designer,The boss fight is a transfer check,"The unit's climax as its assessment — a timed, witnessed, real-material challenge the whole quest trained for. — at 3–5","Design a boss-fight assessment for one unit that is exactly its transfer check staged with stakes, and name the witness role."
Trades in the Classroom : Flipped & Gamified,"The game layer: quests, guilds and honest points",GL-33,6–8,Builder,Learning Game Designer,The boss fight is a transfer check,"The unit's climax as its assessment — a timed, witnessed, real-material challenge the whole quest trained for. — at 6–8","Design a boss-fight assessment for one unit that is exactly its transfer check staged with stakes, and name the witness role."
Trades in the Classroom : Flipped & Gamified,"The game layer: quests, guilds and honest points",GL-34,9–10,Practitioner,Learning Game Designer,The boss fight is a transfer check,"The unit's climax as its assessment — a timed, witnessed, real-material challenge the whole quest trained for. — at 9–10","Design a boss-fight assessment for one unit that is exactly its transfer check staged with stakes, and name the witness role."
Trades in the Classroom : Flipped & Gamified,"The game layer: quests, guilds and honest points",GL-35,11–12,Lead,Learning Game Designer,The boss fight is a transfer check,"The unit's climax as its assessment — a timed, witnessed, real-material challenge the whole quest trained for. — at 11–12","Design a boss-fight assessment for one unit that is exactly its transfer check staged with stakes, and name the witness role."
Trades in the Classroom : Flipped & Gamified,"The game layer: quests, guilds and honest points",GL-36,K–2,Explorer,Learning Game Designer,"Failure costs a retry, not a record","Lives, respawns and the retry loop — failure priced in time and another attempt, never carried as a permanent mark. — at K–2","Write the retry rule for one boss fight: what a failed attempt costs, what it never costs, and when the next attempt opens."
Trades in the Classroom : Flipped & Gamified,"The game layer: quests, guilds and honest points",GL-37,3–5,Explorer,Learning Game Designer,"Failure costs a retry, not a record","Lives, respawns and the retry loop — failure priced in time and another attempt, never carried as a permanent mark. — at 3–5","Write the retry rule for one boss fight: what a failed attempt costs, what it never costs, and when the next attempt opens."
Trades in the Classroom : Flipped & Gamified,"The game layer: quests, guilds and honest points",GL-38,6–8,Builder,Learning Game Designer,"Failure costs a retry, not a record","Lives, respawns and the retry loop — failure priced in time and another attempt, never carried as a permanent mark. — at 6–8","Write the retry rule for one boss fight: what a failed attempt costs, what it never costs, and when the next attempt opens."
Trades in the Classroom : Flipped & Gamified,"The game layer: quests, guilds and honest points",GL-39,9–10,Practitioner,Learning Game Designer,"Failure costs a retry, not a record","Lives, respawns and the retry loop — failure priced in time and another attempt, never carried as a permanent mark. — at 9–10","Write the retry rule for one boss fight: what a failed attempt costs, what it never costs, and when the next attempt opens."
Trades in the Classroom : Flipped & Gamified,"The game layer: quests, guilds and honest points",GL-40,11–12,Lead,Learning Game Designer,"Failure costs a retry, not a record","Lives, respawns and the retry loop — failure priced in time and another attempt, never carried as a permanent mark. — at 11–12","Write the retry rule for one boss fight: what a failed attempt costs, what it never costs, and when the next attempt opens."
Trades in the Classroom : Flipped & Gamified,"The game layer: quests, guilds and honest points",GL-41,K–2,Explorer,Learning Game Designer,The economy stays honest,"Auditing the game — point inflation, badge farming, the shortcut a clever twelve-year-old will find in week two. — at K–2","Red-team your own game design: find two exploits a clever learner would find, and patch the rules to close both."
Trades in the Classroom : Flipped & Gamified,"The game layer: quests, guilds and honest points",GL-42,3–5,Explorer,Learning Game Designer,The economy stays honest,"Auditing the game — point inflation, badge farming, the shortcut a clever twelve-year-old will find in week two. — at 3–5","Red-team your own game design: find two exploits a clever learner would find, and patch the rules to close both."
Trades in the Classroom : Flipped & Gamified,"The game layer: quests, guilds and honest points",GL-43,6–8,Builder,Learning Game Designer,The economy stays honest,"Auditing the game — point inflation, badge farming, the shortcut a clever twelve-year-old will find in week two. — at 6–8","Red-team your own game design: find two exploits a clever learner would find, and patch the rules to close both."
Trades in the Classroom : Flipped & Gamified,"The game layer: quests, guilds and honest points",GL-44,9–10,Practitioner,Learning Game Designer,The economy stays honest,"Auditing the game — point inflation, badge farming, the shortcut a clever twelve-year-old will find in week two. — at 9–10","Red-team your own game design: find two exploits a clever learner would find, and patch the rules to close both."
Trades in the Classroom : Flipped & Gamified,"The game layer: quests, guilds and honest points",GL-45,11–12,Lead,Learning Game Designer,The economy stays honest,"Auditing the game — point inflation, badge farming, the shortcut a clever twelve-year-old will find in week two. — at 11–12","Red-team your own game design: find two exploits a clever learner would find, and patch the rules to close both."
Trades in the Classroom : Flipped & Gamified,"The game layer: quests, guilds and honest points",GL-46,K–2,Explorer,Learning Game Designer,"The game ends, the craft continues","Graduating from the game layer — the moment the artifact, the crew and the credential matter more than the points, by design. — at K–2","Interview a learner finishing a gamified unit and record, in their words, what they would keep doing with no points at all."
Trades in the Classroom : Flipped & Gamified,"The game layer: quests, guilds and honest points",GL-47,3–5,Explorer,Learning Game Designer,"The game ends, the craft continues","Graduating from the game layer — the moment the artifact, the crew and the credential matter more than the points, by design. — at 3–5","Interview a learner finishing a gamified unit and record, in their words, what they would keep doing with no points at all."
Trades in the Classroom : Flipped & Gamified,"The game layer: quests, guilds and honest points",GL-48,6–8,Builder,Learning Game Designer,"The game ends, the craft continues","Graduating from the game layer — the moment the artifact, the crew and the credential matter more than the points, by design. — at 6–8","Interview a learner finishing a gamified unit and record, in their words, what they would keep doing with no points at all."
Trades in the Classroom : Flipped & Gamified,"The game layer: quests, guilds and honest points",GL-49,9–10,Practitioner,Learning Game Designer,"The game ends, the craft continues","Graduating from the game layer — the moment the artifact, the crew and the credential matter more than the points, by design. — at 9–10","Interview a learner finishing a gamified unit and record, in their words, what they would keep doing with no points at all."
Trades in the Classroom : Flipped & Gamified,"The game layer: quests, guilds and honest points",GL-50,11–12,Lead,Learning Game Designer,"The game ends, the craft continues","Graduating from the game layer — the moment the artifact, the crew and the credential matter more than the points, by design. — at 11–12","Interview a learner finishing a gamified unit and record, in their words, what they would keep doing with no points at all."
Trades in the Classroom : Flipped & Gamified,"The union partnership: halls, mentors, pathways",UP-1,K–2,Explorer,Pathway Partnership Lead,"What a union is, in one class period","The union explained straight — the hall, the local, the apprenticeship, the dispatch — as civic institutions a student can walk into. — at K–2","Teach a ten-minute plain-language explainer of hall, local, apprenticeship and dispatch, and take three student questions live."
Trades in the Classroom : Flipped & Gamified,"The union partnership: halls, mentors, pathways",UP-2,3–5,Explorer,Pathway Partnership Lead,"What a union is, in one class period","The union explained straight — the hall, the local, the apprenticeship, the dispatch — as civic institutions a student can walk into. — at 3–5","Teach a ten-minute plain-language explainer of hall, local, apprenticeship and dispatch, and take three student questions live."
Trades in the Classroom : Flipped & Gamified,"The union partnership: halls, mentors, pathways",UP-3,6–8,Builder,Pathway Partnership Lead,"What a union is, in one class period","The union explained straight — the hall, the local, the apprenticeship, the dispatch — as civic institutions a student can walk into. — at 6–8","Teach a ten-minute plain-language explainer of hall, local, apprenticeship and dispatch, and take three student questions live."
Trades in the Classroom : Flipped & Gamified,"The union partnership: halls, mentors, pathways",UP-4,9–10,Practitioner,Pathway Partnership Lead,"What a union is, in one class period","The union explained straight — the hall, the local, the apprenticeship, the dispatch — as civic institutions a student can walk into. — at 9–10","Teach a ten-minute plain-language explainer of hall, local, apprenticeship and dispatch, and take three student questions live."
Trades in the Classroom : Flipped & Gamified,"The union partnership: halls, mentors, pathways",UP-5,11–12,Lead,Pathway Partnership Lead,"What a union is, in one class period","The union explained straight — the hall, the local, the apprenticeship, the dispatch — as civic institutions a student can walk into. — at 11–12","Teach a ten-minute plain-language explainer of hall, local, apprenticeship and dispatch, and take three student questions live."
Trades in the Classroom : Flipped & Gamified,"The union partnership: halls, mentors, pathways",UP-6,K–2,Explorer,Pathway Partnership Lead,Finding the current local,Why this curriculum never hard-codes local numbers — locals merge and renumber — and how the regional council is always the front door. — at K–2,"For one trade in your region, contact or look up the building-trades or labor council listing and record the current local's name and hall."
Trades in the Classroom : Flipped & Gamified,"The union partnership: halls, mentors, pathways",UP-7,3–5,Explorer,Pathway Partnership Lead,Finding the current local,Why this curriculum never hard-codes local numbers — locals merge and renumber — and how the regional council is always the front door. — at 3–5,"For one trade in your region, contact or look up the building-trades or labor council listing and record the current local's name and hall."
Trades in the Classroom : Flipped & Gamified,"The union partnership: halls, mentors, pathways",UP-8,6–8,Builder,Pathway Partnership Lead,Finding the current local,Why this curriculum never hard-codes local numbers — locals merge and renumber — and how the regional council is always the front door. — at 6–8,"For one trade in your region, contact or look up the building-trades or labor council listing and record the current local's name and hall."
Trades in the Classroom : Flipped & Gamified,"The union partnership: halls, mentors, pathways",UP-9,9–10,Practitioner,Pathway Partnership Lead,Finding the current local,Why this curriculum never hard-codes local numbers — locals merge and renumber — and how the regional council is always the front door. — at 9–10,"For one trade in your region, contact or look up the building-trades or labor council listing and record the current local's name and hall."
Trades in the Classroom : Flipped & Gamified,"The union partnership: halls, mentors, pathways",UP-10,11–12,Lead,Pathway Partnership Lead,Finding the current local,Why this curriculum never hard-codes local numbers — locals merge and renumber — and how the regional council is always the front door. — at 11–12,"For one trade in your region, contact or look up the building-trades or labor council listing and record the current local's name and hall."
Trades in the Classroom : Flipped & Gamified,"The union partnership: halls, mentors, pathways",UP-11,K–2,Explorer,Pathway Partnership Lead,The mentor in the room,"What a working tradesperson brings to a classroom bench — form, war stories, the standard of done — and how to make their hour count. — at K–2","Host (or fully plan) one mentor bench hour: the skill they demonstrate, the three questions students ask, the thank-you that brings them back."
Trades in the Classroom : Flipped & Gamified,"The union partnership: halls, mentors, pathways",UP-12,3–5,Explorer,Pathway Partnership Lead,The mentor in the room,"What a working tradesperson brings to a classroom bench — form, war stories, the standard of done — and how to make their hour count. — at 3–5","Host (or fully plan) one mentor bench hour: the skill they demonstrate, the three questions students ask, the thank-you that brings them back."
Trades in the Classroom : Flipped & Gamified,"The union partnership: halls, mentors, pathways",UP-13,6–8,Builder,Pathway Partnership Lead,The mentor in the room,"What a working tradesperson brings to a classroom bench — form, war stories, the standard of done — and how to make their hour count. — at 6–8","Host (or fully plan) one mentor bench hour: the skill they demonstrate, the three questions students ask, the thank-you that brings them back."
Trades in the Classroom : Flipped & Gamified,"The union partnership: halls, mentors, pathways",UP-14,9–10,Practitioner,Pathway Partnership Lead,The mentor in the room,"What a working tradesperson brings to a classroom bench — form, war stories, the standard of done — and how to make their hour count. — at 9–10","Host (or fully plan) one mentor bench hour: the skill they demonstrate, the three questions students ask, the thank-you that brings them back."
Trades in the Classroom : Flipped & Gamified,"The union partnership: halls, mentors, pathways",UP-15,11–12,Lead,Pathway Partnership Lead,The mentor in the room,"What a working tradesperson brings to a classroom bench — form, war stories, the standard of done — and how to make their hour count. — at 11–12","Host (or fully plan) one mentor bench hour: the skill they demonstrate, the three questions students ask, the thank-you that brings them back."
Trades in the Classroom : Flipped & Gamified,"The union partnership: halls, mentors, pathways",UP-16,K–2,Explorer,Pathway Partnership Lead,The hall visit,"Taking a class to a training center — what to watch on the apprentices' floor, and the etiquette of a working hall. — at K–2","Plan a hall or training-center visit end to end: the request through the council, the floor rules briefed, and the one thing each student must observe."
Trades in the Classroom : Flipped & Gamified,"The union partnership: halls, mentors, pathways",UP-17,3–5,Explorer,Pathway Partnership Lead,The hall visit,"Taking a class to a training center — what to watch on the apprentices' floor, and the etiquette of a working hall. — at 3–5","Plan a hall or training-center visit end to end: the request through the council, the floor rules briefed, and the one thing each student must observe."
Trades in the Classroom : Flipped & Gamified,"The union partnership: halls, mentors, pathways",UP-18,6–8,Builder,Pathway Partnership Lead,The hall visit,"Taking a class to a training center — what to watch on the apprentices' floor, and the etiquette of a working hall. — at 6–8","Plan a hall or training-center visit end to end: the request through the council, the floor rules briefed, and the one thing each student must observe."
Trades in the Classroom : Flipped & Gamified,"The union partnership: halls, mentors, pathways",UP-19,9–10,Practitioner,Pathway Partnership Lead,The hall visit,"Taking a class to a training center — what to watch on the apprentices' floor, and the etiquette of a working hall. — at 9–10","Plan a hall or training-center visit end to end: the request through the council, the floor rules briefed, and the one thing each student must observe."
Trades in the Classroom : Flipped & Gamified,"The union partnership: halls, mentors, pathways",UP-20,11–12,Lead,Pathway Partnership Lead,The hall visit,"Taking a class to a training center — what to watch on the apprentices' floor, and the etiquette of a working hall. — at 11–12","Plan a hall or training-center visit end to end: the request through the council, the floor rules briefed, and the one thing each student must observe."
Trades in the Classroom : Flipped & Gamified,"The union partnership: halls, mentors, pathways",UP-21,K–2,Explorer,Pathway Partnership Lead,Apprenticeship: earn while you learn,"The apprenticeship pathway as it really works — application windows, aptitude tests, the wage ladder, the journey card at the end. — at K–2",Chart the real apprenticeship pathway for one trade in your region — application to journey card — from the program's own published materials.
Trades in the Classroom : Flipped & Gamified,"The union partnership: halls, mentors, pathways",UP-22,3–5,Explorer,Pathway Partnership Lead,Apprenticeship: earn while you learn,"The apprenticeship pathway as it really works — application windows, aptitude tests, the wage ladder, the journey card at the end. — at 3–5",Chart the real apprenticeship pathway for one trade in your region — application to journey card — from the program's own published materials.
Trades in the Classroom : Flipped & Gamified,"The union partnership: halls, mentors, pathways",UP-23,6–8,Builder,Pathway Partnership Lead,Apprenticeship: earn while you learn,"The apprenticeship pathway as it really works — application windows, aptitude tests, the wage ladder, the journey card at the end. — at 6–8",Chart the real apprenticeship pathway for one trade in your region — application to journey card — from the program's own published materials.
Trades in the Classroom : Flipped & Gamified,"The union partnership: halls, mentors, pathways",UP-24,9–10,Practitioner,Pathway Partnership Lead,Apprenticeship: earn while you learn,"The apprenticeship pathway as it really works — application windows, aptitude tests, the wage ladder, the journey card at the end. — at 9–10",Chart the real apprenticeship pathway for one trade in your region — application to journey card — from the program's own published materials.
Trades in the Classroom : Flipped & Gamified,"The union partnership: halls, mentors, pathways",UP-25,11–12,Lead,Pathway Partnership Lead,Apprenticeship: earn while you learn,"The apprenticeship pathway as it really works — application windows, aptitude tests, the wage ladder, the journey card at the end. — at 11–12",Chart the real apprenticeship pathway for one trade in your region — application to journey card — from the program's own published materials.
Trades in the Classroom : Flipped & Gamified,"The union partnership: halls, mentors, pathways",UP-26,K–2,Explorer,Pathway Partnership Lead,111 doors: reading the network roster,Using the Trades Network's regional roster — 37 trade families across three regions — to match a student's bench evidence to trades worth visiting. — at K–2,Take one student's bench record and shortlist three trade families from the network roster with the evidence line that suggests each.
Trades in the Classroom : Flipped & Gamified,"The union partnership: halls, mentors, pathways",UP-27,3–5,Explorer,Pathway Partnership Lead,111 doors: reading the network roster,Using the Trades Network's regional roster — 37 trade families across three regions — to match a student's bench evidence to trades worth visiting. — at 3–5,Take one student's bench record and shortlist three trade families from the network roster with the evidence line that suggests each.
Trades in the Classroom : Flipped & Gamified,"The union partnership: halls, mentors, pathways",UP-28,6–8,Builder,Pathway Partnership Lead,111 doors: reading the network roster,Using the Trades Network's regional roster — 37 trade families across three regions — to match a student's bench evidence to trades worth visiting. — at 6–8,Take one student's bench record and shortlist three trade families from the network roster with the evidence line that suggests each.
Trades in the Classroom : Flipped & Gamified,"The union partnership: halls, mentors, pathways",UP-29,9–10,Practitioner,Pathway Partnership Lead,111 doors: reading the network roster,Using the Trades Network's regional roster — 37 trade families across three regions — to match a student's bench evidence to trades worth visiting. — at 9–10,Take one student's bench record and shortlist three trade families from the network roster with the evidence line that suggests each.
Trades in the Classroom : Flipped & Gamified,"The union partnership: halls, mentors, pathways",UP-30,11–12,Lead,Pathway Partnership Lead,111 doors: reading the network roster,Using the Trades Network's regional roster — 37 trade families across three regions — to match a student's bench evidence to trades worth visiting. — at 11–12,Take one student's bench record and shortlist three trade families from the network roster with the evidence line that suggests each.
Trades in the Classroom : Flipped & Gamified,"The union partnership: halls, mentors, pathways",UP-31,K–2,Explorer,Pathway Partnership Lead,What the simulation is and is not,"The honesty stance, verbatim and non-negotiable — a simulator teaches control discipline; it is never equipment certification, union credit, or standing. — at K–2","Write the one-paragraph honesty notice for a classroom simulation station, and have a trade mentor confirm it claims nothing false."
Trades in the Classroom : Flipped & Gamified,"The union partnership: halls, mentors, pathways",UP-32,3–5,Explorer,Pathway Partnership Lead,What the simulation is and is not,"The honesty stance, verbatim and non-negotiable — a simulator teaches control discipline; it is never equipment certification, union credit, or standing. — at 3–5","Write the one-paragraph honesty notice for a classroom simulation station, and have a trade mentor confirm it claims nothing false."
Trades in the Classroom : Flipped & Gamified,"The union partnership: halls, mentors, pathways",UP-33,6–8,Builder,Pathway Partnership Lead,What the simulation is and is not,"The honesty stance, verbatim and non-negotiable — a simulator teaches control discipline; it is never equipment certification, union credit, or standing. — at 6–8","Write the one-paragraph honesty notice for a classroom simulation station, and have a trade mentor confirm it claims nothing false."
Trades in the Classroom : Flipped & Gamified,"The union partnership: halls, mentors, pathways",UP-34,9–10,Practitioner,Pathway Partnership Lead,What the simulation is and is not,"The honesty stance, verbatim and non-negotiable — a simulator teaches control discipline; it is never equipment certification, union credit, or standing. — at 9–10","Write the one-paragraph honesty notice for a classroom simulation station, and have a trade mentor confirm it claims nothing false."
Trades in the Classroom : Flipped & Gamified,"The union partnership: halls, mentors, pathways",UP-35,11–12,Lead,Pathway Partnership Lead,What the simulation is and is not,"The honesty stance, verbatim and non-negotiable — a simulator teaches control discipline; it is never equipment certification, union credit, or standing. — at 11–12","Write the one-paragraph honesty notice for a classroom simulation station, and have a trade mentor confirm it claims nothing false."
Trades in the Classroom : Flipped & Gamified,"The union partnership: halls, mentors, pathways",UP-36,K–2,Explorer,Pathway Partnership Lead,The employer and the hall together,"How signatory contractors, the hall and the school triangle — who provides material, who provides witnesses, who provides the first job. — at K–2","Map the triangle for one local project: the signatory contractor, the hall, and the school, with what each contributes named."
Trades in the Classroom : Flipped & Gamified,"The union partnership: halls, mentors, pathways",UP-37,3–5,Explorer,Pathway Partnership Lead,The employer and the hall together,"How signatory contractors, the hall and the school triangle — who provides material, who provides witnesses, who provides the first job. — at 3–5","Map the triangle for one local project: the signatory contractor, the hall, and the school, with what each contributes named."
Trades in the Classroom : Flipped & Gamified,"The union partnership: halls, mentors, pathways",UP-38,6–8,Builder,Pathway Partnership Lead,The employer and the hall together,"How signatory contractors, the hall and the school triangle — who provides material, who provides witnesses, who provides the first job. — at 6–8","Map the triangle for one local project: the signatory contractor, the hall, and the school, with what each contributes named."
Trades in the Classroom : Flipped & Gamified,"The union partnership: halls, mentors, pathways",UP-39,9–10,Practitioner,Pathway Partnership Lead,The employer and the hall together,"How signatory contractors, the hall and the school triangle — who provides material, who provides witnesses, who provides the first job. — at 9–10","Map the triangle for one local project: the signatory contractor, the hall, and the school, with what each contributes named."
Trades in the Classroom : Flipped & Gamified,"The union partnership: halls, mentors, pathways",UP-40,11–12,Lead,Pathway Partnership Lead,The employer and the hall together,"How signatory contractors, the hall and the school triangle — who provides material, who provides witnesses, who provides the first job. — at 11–12","Map the triangle for one local project: the signatory contractor, the hall, and the school, with what each contributes named."
Trades in the Classroom : Flipped & Gamified,"The union partnership: halls, mentors, pathways",UP-41,K–2,Explorer,Pathway Partnership Lead,"Two coasts, one model","What transfers between the Gulf and the Bay — the crafts and the model — and what stays local: the sites, the councils, the locals. — at K–2",Compare one trade family's entry across two network regions and write what a student moving between them keeps and must redo.
Trades in the Classroom : Flipped & Gamified,"The union partnership: halls, mentors, pathways",UP-42,3–5,Explorer,Pathway Partnership Lead,"Two coasts, one model","What transfers between the Gulf and the Bay — the crafts and the model — and what stays local: the sites, the councils, the locals. — at 3–5",Compare one trade family's entry across two network regions and write what a student moving between them keeps and must redo.
Trades in the Classroom : Flipped & Gamified,"The union partnership: halls, mentors, pathways",UP-43,6–8,Builder,Pathway Partnership Lead,"Two coasts, one model","What transfers between the Gulf and the Bay — the crafts and the model — and what stays local: the sites, the councils, the locals. — at 6–8",Compare one trade family's entry across two network regions and write what a student moving between them keeps and must redo.
Trades in the Classroom : Flipped & Gamified,"The union partnership: halls, mentors, pathways",UP-44,9–10,Practitioner,Pathway Partnership Lead,"Two coasts, one model","What transfers between the Gulf and the Bay — the crafts and the model — and what stays local: the sites, the councils, the locals. — at 9–10",Compare one trade family's entry across two network regions and write what a student moving between them keeps and must redo.
Trades in the Classroom : Flipped & Gamified,"The union partnership: halls, mentors, pathways",UP-45,11–12,Lead,Pathway Partnership Lead,"Two coasts, one model","What transfers between the Gulf and the Bay — the crafts and the model — and what stays local: the sites, the councils, the locals. — at 11–12",Compare one trade family's entry across two network regions and write what a student moving between them keeps and must redo.
Trades in the Classroom : Flipped & Gamified,"The union partnership: halls, mentors, pathways",UP-46,K–2,Explorer,Pathway Partnership Lead,The pathway is a person's,Consent and ownership at the door — a student's bench record travels to a hall only when the student sends it. — at K–2,"Write the consent sentence a student reads before their record goes to any hall, and the exact steps that happen only after they agree."
Trades in the Classroom : Flipped & Gamified,"The union partnership: halls, mentors, pathways",UP-47,3–5,Explorer,Pathway Partnership Lead,The pathway is a person's,Consent and ownership at the door — a student's bench record travels to a hall only when the student sends it. — at 3–5,"Write the consent sentence a student reads before their record goes to any hall, and the exact steps that happen only after they agree."
Trades in the Classroom : Flipped & Gamified,"The union partnership: halls, mentors, pathways",UP-48,6–8,Builder,Pathway Partnership Lead,The pathway is a person's,Consent and ownership at the door — a student's bench record travels to a hall only when the student sends it. — at 6–8,"Write the consent sentence a student reads before their record goes to any hall, and the exact steps that happen only after they agree."
Trades in the Classroom : Flipped & Gamified,"The union partnership: halls, mentors, pathways",UP-49,9–10,Practitioner,Pathway Partnership Lead,The pathway is a person's,Consent and ownership at the door — a student's bench record travels to a hall only when the student sends it. — at 9–10,"Write the consent sentence a student reads before their record goes to any hall, and the exact steps that happen only after they agree."
Trades in the Classroom : Flipped & Gamified,"The union partnership: halls, mentors, pathways",UP-50,11–12,Lead,Pathway Partnership Lead,The pathway is a person's,Consent and ownership at the door — a student's bench record travels to a hall only when the student sends it. — at 11–12,"Write the consent sentence a student reads before their record goes to any hall, and the exact steps that happen only after they agree."
Trades in the Classroom : Flipped & Gamified,The simulation studio: the jobsite in the classroom,SS-1,K–2,Explorer,Simulation Studio Steward,The studio's one law,"Safety and honesty fused — nothing energized, suspended or moving is practiced live in a classroom studio, and no sim claims to certify. — at K–2","Write the studio's one-page law — what may be simulated, what must never be live, what no sim claims — and post it where the stations stand."
Trades in the Classroom : Flipped & Gamified,The simulation studio: the jobsite in the classroom,SS-2,3–5,Explorer,Simulation Studio Steward,The studio's one law,"Safety and honesty fused — nothing energized, suspended or moving is practiced live in a classroom studio, and no sim claims to certify. — at 3–5","Write the studio's one-page law — what may be simulated, what must never be live, what no sim claims — and post it where the stations stand."
Trades in the Classroom : Flipped & Gamified,The simulation studio: the jobsite in the classroom,SS-3,6–8,Builder,Simulation Studio Steward,The studio's one law,"Safety and honesty fused — nothing energized, suspended or moving is practiced live in a classroom studio, and no sim claims to certify. — at 6–8","Write the studio's one-page law — what may be simulated, what must never be live, what no sim claims — and post it where the stations stand."
Trades in the Classroom : Flipped & Gamified,The simulation studio: the jobsite in the classroom,SS-4,9–10,Practitioner,Simulation Studio Steward,The studio's one law,"Safety and honesty fused — nothing energized, suspended or moving is practiced live in a classroom studio, and no sim claims to certify. — at 9–10","Write the studio's one-page law — what may be simulated, what must never be live, what no sim claims — and post it where the stations stand."
Trades in the Classroom : Flipped & Gamified,The simulation studio: the jobsite in the classroom,SS-5,11–12,Lead,Simulation Studio Steward,The studio's one law,"Safety and honesty fused — nothing energized, suspended or moving is practiced live in a classroom studio, and no sim claims to certify. — at 11–12","Write the studio's one-page law — what may be simulated, what must never be live, what no sim claims — and post it where the stations stand."
Trades in the Classroom : Flipped & Gamified,The simulation studio: the jobsite in the classroom,SS-6,K–2,Explorer,Simulation Studio Steward,Choosing what to simulate,"The selection test — simulate what is dangerous, expensive or rare in real life, and practice live what is safe, cheap and common. — at K–2","Sort ten trade skills into simulate versus practice-live using the dangerous/expensive/rare test, defending the two hardest calls."
Trades in the Classroom : Flipped & Gamified,The simulation studio: the jobsite in the classroom,SS-7,3–5,Explorer,Simulation Studio Steward,Choosing what to simulate,"The selection test — simulate what is dangerous, expensive or rare in real life, and practice live what is safe, cheap and common. — at 3–5","Sort ten trade skills into simulate versus practice-live using the dangerous/expensive/rare test, defending the two hardest calls."
Trades in the Classroom : Flipped & Gamified,The simulation studio: the jobsite in the classroom,SS-8,6–8,Builder,Simulation Studio Steward,Choosing what to simulate,"The selection test — simulate what is dangerous, expensive or rare in real life, and practice live what is safe, cheap and common. — at 6–8","Sort ten trade skills into simulate versus practice-live using the dangerous/expensive/rare test, defending the two hardest calls."
Trades in the Classroom : Flipped & Gamified,The simulation studio: the jobsite in the classroom,SS-9,9–10,Practitioner,Simulation Studio Steward,Choosing what to simulate,"The selection test — simulate what is dangerous, expensive or rare in real life, and practice live what is safe, cheap and common. — at 9–10","Sort ten trade skills into simulate versus practice-live using the dangerous/expensive/rare test, defending the two hardest calls."
Trades in the Classroom : Flipped & Gamified,The simulation studio: the jobsite in the classroom,SS-10,11–12,Lead,Simulation Studio Steward,Choosing what to simulate,"The selection test — simulate what is dangerous, expensive or rare in real life, and practice live what is safe, cheap and common. — at 11–12","Sort ten trade skills into simulate versus practice-live using the dangerous/expensive/rare test, defending the two hardest calls."
Trades in the Classroom : Flipped & Gamified,The simulation studio: the jobsite in the classroom,SS-11,K–2,Explorer,Simulation Studio Steward,Cardboard first,"Low-fidelity simulation as the honest start — the crane from string and weight, the circuit on paper — fidelity earned, never assumed. — at K–2","Build a sub-$20 tabletop simulation of one control discipline (swing, sequence, pressure) and show a partner what it truly teaches."
Trades in the Classroom : Flipped & Gamified,The simulation studio: the jobsite in the classroom,SS-12,3–5,Explorer,Simulation Studio Steward,Cardboard first,"Low-fidelity simulation as the honest start — the crane from string and weight, the circuit on paper — fidelity earned, never assumed. — at 3–5","Build a sub-$20 tabletop simulation of one control discipline (swing, sequence, pressure) and show a partner what it truly teaches."
Trades in the Classroom : Flipped & Gamified,The simulation studio: the jobsite in the classroom,SS-13,6–8,Builder,Simulation Studio Steward,Cardboard first,"Low-fidelity simulation as the honest start — the crane from string and weight, the circuit on paper — fidelity earned, never assumed. — at 6–8","Build a sub-$20 tabletop simulation of one control discipline (swing, sequence, pressure) and show a partner what it truly teaches."
Trades in the Classroom : Flipped & Gamified,The simulation studio: the jobsite in the classroom,SS-14,9–10,Practitioner,Simulation Studio Steward,Cardboard first,"Low-fidelity simulation as the honest start — the crane from string and weight, the circuit on paper — fidelity earned, never assumed. — at 9–10","Build a sub-$20 tabletop simulation of one control discipline (swing, sequence, pressure) and show a partner what it truly teaches."
Trades in the Classroom : Flipped & Gamified,The simulation studio: the jobsite in the classroom,SS-15,11–12,Lead,Simulation Studio Steward,Cardboard first,"Low-fidelity simulation as the honest start — the crane from string and weight, the circuit on paper — fidelity earned, never assumed. — at 11–12","Build a sub-$20 tabletop simulation of one control discipline (swing, sequence, pressure) and show a partner what it truly teaches."
Trades in the Classroom : Flipped & Gamified,The simulation studio: the jobsite in the classroom,SS-16,K–2,Explorer,Simulation Studio Steward,The regional scenario,"Localizing every sim to the region's real sites — the port berth, the pump station, the transit yard — so the classroom faces its own city. — at K–2","Adapt one network simulation scenario to a real site in your own region, changing only the local facts and keeping the discipline."
Trades in the Classroom : Flipped & Gamified,The simulation studio: the jobsite in the classroom,SS-17,3–5,Explorer,Simulation Studio Steward,The regional scenario,"Localizing every sim to the region's real sites — the port berth, the pump station, the transit yard — so the classroom faces its own city. — at 3–5","Adapt one network simulation scenario to a real site in your own region, changing only the local facts and keeping the discipline."
Trades in the Classroom : Flipped & Gamified,The simulation studio: the jobsite in the classroom,SS-18,6–8,Builder,Simulation Studio Steward,The regional scenario,"Localizing every sim to the region's real sites — the port berth, the pump station, the transit yard — so the classroom faces its own city. — at 6–8","Adapt one network simulation scenario to a real site in your own region, changing only the local facts and keeping the discipline."
Trades in the Classroom : Flipped & Gamified,The simulation studio: the jobsite in the classroom,SS-19,9–10,Practitioner,Simulation Studio Steward,The regional scenario,"Localizing every sim to the region's real sites — the port berth, the pump station, the transit yard — so the classroom faces its own city. — at 9–10","Adapt one network simulation scenario to a real site in your own region, changing only the local facts and keeping the discipline."
Trades in the Classroom : Flipped & Gamified,The simulation studio: the jobsite in the classroom,SS-20,11–12,Lead,Simulation Studio Steward,The regional scenario,"Localizing every sim to the region's real sites — the port berth, the pump station, the transit yard — so the classroom faces its own city. — at 11–12","Adapt one network simulation scenario to a real site in your own region, changing only the local facts and keeping the discipline."
Trades in the Classroom : Flipped & Gamified,The simulation studio: the jobsite in the classroom,SS-21,K–2,Explorer,Simulation Studio Steward,The control discipline rubric,"Scoring a sim run the way the trades do — smoothness, order, calls made aloud — the rubrics the SmartCiti.X simulators share. — at K–2",Score two learners on the same sim with a three-line control-discipline rubric and defend the difference with observed moments.
Trades in the Classroom : Flipped & Gamified,The simulation studio: the jobsite in the classroom,SS-22,3–5,Explorer,Simulation Studio Steward,The control discipline rubric,"Scoring a sim run the way the trades do — smoothness, order, calls made aloud — the rubrics the SmartCiti.X simulators share. — at 3–5",Score two learners on the same sim with a three-line control-discipline rubric and defend the difference with observed moments.
Trades in the Classroom : Flipped & Gamified,The simulation studio: the jobsite in the classroom,SS-23,6–8,Builder,Simulation Studio Steward,The control discipline rubric,"Scoring a sim run the way the trades do — smoothness, order, calls made aloud — the rubrics the SmartCiti.X simulators share. — at 6–8",Score two learners on the same sim with a three-line control-discipline rubric and defend the difference with observed moments.
Trades in the Classroom : Flipped & Gamified,The simulation studio: the jobsite in the classroom,SS-24,9–10,Practitioner,Simulation Studio Steward,The control discipline rubric,"Scoring a sim run the way the trades do — smoothness, order, calls made aloud — the rubrics the SmartCiti.X simulators share. — at 9–10",Score two learners on the same sim with a three-line control-discipline rubric and defend the difference with observed moments.
Trades in the Classroom : Flipped & Gamified,The simulation studio: the jobsite in the classroom,SS-25,11–12,Lead,Simulation Studio Steward,The control discipline rubric,"Scoring a sim run the way the trades do — smoothness, order, calls made aloud — the rubrics the SmartCiti.X simulators share. — at 11–12",Score two learners on the same sim with a three-line control-discipline rubric and defend the difference with observed moments.
Trades in the Classroom : Flipped & Gamified,The simulation studio: the jobsite in the classroom,SS-26,K–2,Explorer,Simulation Studio Steward,Failure drills,"Simulating the day it goes wrong — the drifted gauge, the failed lift, the flagged line — because judgment is trained on bad days. — at K–2","Insert one realistic failure into a sim scenario and record how a learner detects, calls and recovers it, against the drill card."
Trades in the Classroom : Flipped & Gamified,The simulation studio: the jobsite in the classroom,SS-27,3–5,Explorer,Simulation Studio Steward,Failure drills,"Simulating the day it goes wrong — the drifted gauge, the failed lift, the flagged line — because judgment is trained on bad days. — at 3–5","Insert one realistic failure into a sim scenario and record how a learner detects, calls and recovers it, against the drill card."
Trades in the Classroom : Flipped & Gamified,The simulation studio: the jobsite in the classroom,SS-28,6–8,Builder,Simulation Studio Steward,Failure drills,"Simulating the day it goes wrong — the drifted gauge, the failed lift, the flagged line — because judgment is trained on bad days. — at 6–8","Insert one realistic failure into a sim scenario and record how a learner detects, calls and recovers it, against the drill card."
Trades in the Classroom : Flipped & Gamified,The simulation studio: the jobsite in the classroom,SS-29,9–10,Practitioner,Simulation Studio Steward,Failure drills,"Simulating the day it goes wrong — the drifted gauge, the failed lift, the flagged line — because judgment is trained on bad days. — at 9–10","Insert one realistic failure into a sim scenario and record how a learner detects, calls and recovers it, against the drill card."
Trades in the Classroom : Flipped & Gamified,The simulation studio: the jobsite in the classroom,SS-30,11–12,Lead,Simulation Studio Steward,Failure drills,"Simulating the day it goes wrong — the drifted gauge, the failed lift, the flagged line — because judgment is trained on bad days. — at 11–12","Insert one realistic failure into a sim scenario and record how a learner detects, calls and recovers it, against the drill card."
Trades in the Classroom : Flipped & Gamified,The simulation studio: the jobsite in the classroom,SS-31,K–2,Explorer,Simulation Studio Steward,The debrief is half the sim,"The after-action habit — what happened, what was called, what changes next run — in the crew's own words within five minutes. — at K–2",Run a five-minute structured debrief after a sim and produce the crew's own three-line change list for the next run.
Trades in the Classroom : Flipped & Gamified,The simulation studio: the jobsite in the classroom,SS-32,3–5,Explorer,Simulation Studio Steward,The debrief is half the sim,"The after-action habit — what happened, what was called, what changes next run — in the crew's own words within five minutes. — at 3–5",Run a five-minute structured debrief after a sim and produce the crew's own three-line change list for the next run.
Trades in the Classroom : Flipped & Gamified,The simulation studio: the jobsite in the classroom,SS-33,6–8,Builder,Simulation Studio Steward,The debrief is half the sim,"The after-action habit — what happened, what was called, what changes next run — in the crew's own words within five minutes. — at 6–8",Run a five-minute structured debrief after a sim and produce the crew's own three-line change list for the next run.
Trades in the Classroom : Flipped & Gamified,The simulation studio: the jobsite in the classroom,SS-34,9–10,Practitioner,Simulation Studio Steward,The debrief is half the sim,"The after-action habit — what happened, what was called, what changes next run — in the crew's own words within five minutes. — at 9–10",Run a five-minute structured debrief after a sim and produce the crew's own three-line change list for the next run.
Trades in the Classroom : Flipped & Gamified,The simulation studio: the jobsite in the classroom,SS-35,11–12,Lead,Simulation Studio Steward,The debrief is half the sim,"The after-action habit — what happened, what was called, what changes next run — in the crew's own words within five minutes. — at 11–12",Run a five-minute structured debrief after a sim and produce the crew's own three-line change list for the next run.
Trades in the Classroom : Flipped & Gamified,The simulation studio: the jobsite in the classroom,SS-36,K–2,Explorer,Simulation Studio Steward,Sim to bench to site,"The graduation chain — simulation proves discipline, the bench proves hands, the supervised site visit proves the world — in that order. — at K–2","Chart one skill's chain from sim through bench to supervised observation, naming the gate that opens each stage."
Trades in the Classroom : Flipped & Gamified,The simulation studio: the jobsite in the classroom,SS-37,3–5,Explorer,Simulation Studio Steward,Sim to bench to site,"The graduation chain — simulation proves discipline, the bench proves hands, the supervised site visit proves the world — in that order. — at 3–5","Chart one skill's chain from sim through bench to supervised observation, naming the gate that opens each stage."
Trades in the Classroom : Flipped & Gamified,The simulation studio: the jobsite in the classroom,SS-38,6–8,Builder,Simulation Studio Steward,Sim to bench to site,"The graduation chain — simulation proves discipline, the bench proves hands, the supervised site visit proves the world — in that order. — at 6–8","Chart one skill's chain from sim through bench to supervised observation, naming the gate that opens each stage."
Trades in the Classroom : Flipped & Gamified,The simulation studio: the jobsite in the classroom,SS-39,9–10,Practitioner,Simulation Studio Steward,Sim to bench to site,"The graduation chain — simulation proves discipline, the bench proves hands, the supervised site visit proves the world — in that order. — at 9–10","Chart one skill's chain from sim through bench to supervised observation, naming the gate that opens each stage."
Trades in the Classroom : Flipped & Gamified,The simulation studio: the jobsite in the classroom,SS-40,11–12,Lead,Simulation Studio Steward,Sim to bench to site,"The graduation chain — simulation proves discipline, the bench proves hands, the supervised site visit proves the world — in that order. — at 11–12","Chart one skill's chain from sim through bench to supervised observation, naming the gate that opens each stage."
Trades in the Classroom : Flipped & Gamified,The simulation studio: the jobsite in the classroom,SS-41,K–2,Explorer,Simulation Studio Steward,The studio's logbook,"Recording runs like a working site — who ran, what scenario, what score, what failed — the studio's own five honest numbers. — at K–2","Design the studio logbook page and keep it faithfully for one full session, then read one improvement out of your own data."
Trades in the Classroom : Flipped & Gamified,The simulation studio: the jobsite in the classroom,SS-42,3–5,Explorer,Simulation Studio Steward,The studio's logbook,"Recording runs like a working site — who ran, what scenario, what score, what failed — the studio's own five honest numbers. — at 3–5","Design the studio logbook page and keep it faithfully for one full session, then read one improvement out of your own data."
Trades in the Classroom : Flipped & Gamified,The simulation studio: the jobsite in the classroom,SS-43,6–8,Builder,Simulation Studio Steward,The studio's logbook,"Recording runs like a working site — who ran, what scenario, what score, what failed — the studio's own five honest numbers. — at 6–8","Design the studio logbook page and keep it faithfully for one full session, then read one improvement out of your own data."
Trades in the Classroom : Flipped & Gamified,The simulation studio: the jobsite in the classroom,SS-44,9–10,Practitioner,Simulation Studio Steward,The studio's logbook,"Recording runs like a working site — who ran, what scenario, what score, what failed — the studio's own five honest numbers. — at 9–10","Design the studio logbook page and keep it faithfully for one full session, then read one improvement out of your own data."
Trades in the Classroom : Flipped & Gamified,The simulation studio: the jobsite in the classroom,SS-45,11–12,Lead,Simulation Studio Steward,The studio's logbook,"Recording runs like a working site — who ran, what scenario, what score, what failed — the studio's own five honest numbers. — at 11–12","Design the studio logbook page and keep it faithfully for one full session, then read one improvement out of your own data."
Trades in the Classroom : Flipped & Gamified,The simulation studio: the jobsite in the classroom,SS-46,K–2,Explorer,Simulation Studio Steward,Machines in the studio,"Where agents and robots join honestly — a tutor that watches for the missed call, a sim that adapts its difficulty to keep flow — under the consent-first data rules. — at K–2","Specify one adaptive behavior for a sim station (what it watches, how it adjusts) and the consent line covering what it records."
Trades in the Classroom : Flipped & Gamified,The simulation studio: the jobsite in the classroom,SS-47,3–5,Explorer,Simulation Studio Steward,Machines in the studio,"Where agents and robots join honestly — a tutor that watches for the missed call, a sim that adapts its difficulty to keep flow — under the consent-first data rules. — at 3–5","Specify one adaptive behavior for a sim station (what it watches, how it adjusts) and the consent line covering what it records."
Trades in the Classroom : Flipped & Gamified,The simulation studio: the jobsite in the classroom,SS-48,6–8,Builder,Simulation Studio Steward,Machines in the studio,"Where agents and robots join honestly — a tutor that watches for the missed call, a sim that adapts its difficulty to keep flow — under the consent-first data rules. — at 6–8","Specify one adaptive behavior for a sim station (what it watches, how it adjusts) and the consent line covering what it records."
Trades in the Classroom : Flipped & Gamified,The simulation studio: the jobsite in the classroom,SS-49,9–10,Practitioner,Simulation Studio Steward,Machines in the studio,"Where agents and robots join honestly — a tutor that watches for the missed call, a sim that adapts its difficulty to keep flow — under the consent-first data rules. — at 9–10","Specify one adaptive behavior for a sim station (what it watches, how it adjusts) and the consent line covering what it records."
Trades in the Classroom : Flipped & Gamified,The simulation studio: the jobsite in the classroom,SS-50,11–12,Lead,Simulation Studio Steward,Machines in the studio,"Where agents and robots join honestly — a tutor that watches for the missed call, a sim that adapts its difficulty to keep flow — under the consent-first data rules. — at 11–12","Specify one adaptive behavior for a sim station (what it watches, how it adjusts) and the consent line covering what it records."
Trades in the Classroom : Flipped & Gamified,The district compact: trades on the transcript,DC-1,K–2,Explorer,District Trades Integrator,The case to the board,"Making the district case in the district's own terms — engagement, completion, pathways to wages — with the evidence lines that carry a board vote. — at K–2","Draft the one-page board memo proposing a flipped trades program, with three evidence lines and the specific vote requested."
Trades in the Classroom : Flipped & Gamified,The district compact: trades on the transcript,DC-2,3–5,Explorer,District Trades Integrator,The case to the board,"Making the district case in the district's own terms — engagement, completion, pathways to wages — with the evidence lines that carry a board vote. — at 3–5","Draft the one-page board memo proposing a flipped trades program, with three evidence lines and the specific vote requested."
Trades in the Classroom : Flipped & Gamified,The district compact: trades on the transcript,DC-3,6–8,Builder,District Trades Integrator,The case to the board,"Making the district case in the district's own terms — engagement, completion, pathways to wages — with the evidence lines that carry a board vote. — at 6–8","Draft the one-page board memo proposing a flipped trades program, with three evidence lines and the specific vote requested."
Trades in the Classroom : Flipped & Gamified,The district compact: trades on the transcript,DC-4,9–10,Practitioner,District Trades Integrator,The case to the board,"Making the district case in the district's own terms — engagement, completion, pathways to wages — with the evidence lines that carry a board vote. — at 9–10","Draft the one-page board memo proposing a flipped trades program, with three evidence lines and the specific vote requested."
Trades in the Classroom : Flipped & Gamified,The district compact: trades on the transcript,DC-5,11–12,Lead,District Trades Integrator,The case to the board,"Making the district case in the district's own terms — engagement, completion, pathways to wages — with the evidence lines that carry a board vote. — at 11–12","Draft the one-page board memo proposing a flipped trades program, with three evidence lines and the specific vote requested."
Trades in the Classroom : Flipped & Gamified,The district compact: trades on the transcript,DC-6,K–2,Explorer,District Trades Integrator,Credit where credit is due,"Getting bench hours onto the transcript — CTE credit, elective credit, the credential ladder mapped to the district's own units. — at K–2","Map one trades course onto your district's actual credit structure, naming the credit type and the policy that permits it."
Trades in the Classroom : Flipped & Gamified,The district compact: trades on the transcript,DC-7,3–5,Explorer,District Trades Integrator,Credit where credit is due,"Getting bench hours onto the transcript — CTE credit, elective credit, the credential ladder mapped to the district's own units. — at 3–5","Map one trades course onto your district's actual credit structure, naming the credit type and the policy that permits it."
Trades in the Classroom : Flipped & Gamified,The district compact: trades on the transcript,DC-8,6–8,Builder,District Trades Integrator,Credit where credit is due,"Getting bench hours onto the transcript — CTE credit, elective credit, the credential ladder mapped to the district's own units. — at 6–8","Map one trades course onto your district's actual credit structure, naming the credit type and the policy that permits it."
Trades in the Classroom : Flipped & Gamified,The district compact: trades on the transcript,DC-9,9–10,Practitioner,District Trades Integrator,Credit where credit is due,"Getting bench hours onto the transcript — CTE credit, elective credit, the credential ladder mapped to the district's own units. — at 9–10","Map one trades course onto your district's actual credit structure, naming the credit type and the policy that permits it."
Trades in the Classroom : Flipped & Gamified,The district compact: trades on the transcript,DC-10,11–12,Lead,District Trades Integrator,Credit where credit is due,"Getting bench hours onto the transcript — CTE credit, elective credit, the credential ladder mapped to the district's own units. — at 11–12","Map one trades course onto your district's actual credit structure, naming the credit type and the policy that permits it."
Trades in the Classroom : Flipped & Gamified,The district compact: trades on the transcript,DC-11,K–2,Explorer,District Trades Integrator,The master schedule fight,"Where the bench hours live — block scheduling, the double period, the after-school hall hour — and what each choice costs. — at K–2",Place a trades course into a real bell schedule from your district and name the two conflicts it creates and your resolution of each.
Trades in the Classroom : Flipped & Gamified,The district compact: trades on the transcript,DC-12,3–5,Explorer,District Trades Integrator,The master schedule fight,"Where the bench hours live — block scheduling, the double period, the after-school hall hour — and what each choice costs. — at 3–5",Place a trades course into a real bell schedule from your district and name the two conflicts it creates and your resolution of each.
Trades in the Classroom : Flipped & Gamified,The district compact: trades on the transcript,DC-13,6–8,Builder,District Trades Integrator,The master schedule fight,"Where the bench hours live — block scheduling, the double period, the after-school hall hour — and what each choice costs. — at 6–8",Place a trades course into a real bell schedule from your district and name the two conflicts it creates and your resolution of each.
Trades in the Classroom : Flipped & Gamified,The district compact: trades on the transcript,DC-14,9–10,Practitioner,District Trades Integrator,The master schedule fight,"Where the bench hours live — block scheduling, the double period, the after-school hall hour — and what each choice costs. — at 9–10",Place a trades course into a real bell schedule from your district and name the two conflicts it creates and your resolution of each.
Trades in the Classroom : Flipped & Gamified,The district compact: trades on the transcript,DC-15,11–12,Lead,District Trades Integrator,The master schedule fight,"Where the bench hours live — block scheduling, the double period, the after-school hall hour — and what each choice costs. — at 11–12",Place a trades course into a real bell schedule from your district and name the two conflicts it creates and your resolution of each.
Trades in the Classroom : Flipped & Gamified,The district compact: trades on the transcript,DC-16,K–2,Explorer,District Trades Integrator,The classroom becomes a studio,"Facilities honestly assessed — power, ventilation, storage, sight lines — and the shop a school already has hiding in it. — at K–2","Survey one real school space for studio conversion and produce the gap list: what it has, what it needs, what it can never host."
Trades in the Classroom : Flipped & Gamified,The district compact: trades on the transcript,DC-17,3–5,Explorer,District Trades Integrator,The classroom becomes a studio,"Facilities honestly assessed — power, ventilation, storage, sight lines — and the shop a school already has hiding in it. — at 3–5","Survey one real school space for studio conversion and produce the gap list: what it has, what it needs, what it can never host."
Trades in the Classroom : Flipped & Gamified,The district compact: trades on the transcript,DC-18,6–8,Builder,District Trades Integrator,The classroom becomes a studio,"Facilities honestly assessed — power, ventilation, storage, sight lines — and the shop a school already has hiding in it. — at 6–8","Survey one real school space for studio conversion and produce the gap list: what it has, what it needs, what it can never host."
Trades in the Classroom : Flipped & Gamified,The district compact: trades on the transcript,DC-19,9–10,Practitioner,District Trades Integrator,The classroom becomes a studio,"Facilities honestly assessed — power, ventilation, storage, sight lines — and the shop a school already has hiding in it. — at 9–10","Survey one real school space for studio conversion and produce the gap list: what it has, what it needs, what it can never host."
Trades in the Classroom : Flipped & Gamified,The district compact: trades on the transcript,DC-20,11–12,Lead,District Trades Integrator,The classroom becomes a studio,"Facilities honestly assessed — power, ventilation, storage, sight lines — and the shop a school already has hiding in it. — at 11–12","Survey one real school space for studio conversion and produce the gap list: what it has, what it needs, what it can never host."
Trades in the Classroom : Flipped & Gamified,The district compact: trades on the transcript,DC-21,K–2,Explorer,District Trades Integrator,"Insurance, liability and the permission slip","The risk paperwork done right — district counsel, the mentor's clearances, the studio law attached to the consent form. — at K–2","Assemble the permission packet for a sim studio unit — activities, supervision, the honesty notice — ready for a counsel read."
Trades in the Classroom : Flipped & Gamified,The district compact: trades on the transcript,DC-22,3–5,Explorer,District Trades Integrator,"Insurance, liability and the permission slip","The risk paperwork done right — district counsel, the mentor's clearances, the studio law attached to the consent form. — at 3–5","Assemble the permission packet for a sim studio unit — activities, supervision, the honesty notice — ready for a counsel read."
Trades in the Classroom : Flipped & Gamified,The district compact: trades on the transcript,DC-23,6–8,Builder,District Trades Integrator,"Insurance, liability and the permission slip","The risk paperwork done right — district counsel, the mentor's clearances, the studio law attached to the consent form. — at 6–8","Assemble the permission packet for a sim studio unit — activities, supervision, the honesty notice — ready for a counsel read."
Trades in the Classroom : Flipped & Gamified,The district compact: trades on the transcript,DC-24,9–10,Practitioner,District Trades Integrator,"Insurance, liability and the permission slip","The risk paperwork done right — district counsel, the mentor's clearances, the studio law attached to the consent form. — at 9–10","Assemble the permission packet for a sim studio unit — activities, supervision, the honesty notice — ready for a counsel read."
Trades in the Classroom : Flipped & Gamified,The district compact: trades on the transcript,DC-25,11–12,Lead,District Trades Integrator,"Insurance, liability and the permission slip","The risk paperwork done right — district counsel, the mentor's clearances, the studio law attached to the consent form. — at 11–12","Assemble the permission packet for a sim studio unit — activities, supervision, the honesty notice — ready for a counsel read."
Trades in the Classroom : Flipped & Gamified,The district compact: trades on the transcript,DC-26,K–2,Explorer,District Trades Integrator,Finding the teachers,"Staffing the model — the CTE teacher, the crossover academic, the tradesperson-in-residence — and the certification path each rides. — at K–2",Identify the three staffing routes your state actually permits for trades instruction and match a real course to the one that fits.
Trades in the Classroom : Flipped & Gamified,The district compact: trades on the transcript,DC-27,3–5,Explorer,District Trades Integrator,Finding the teachers,"Staffing the model — the CTE teacher, the crossover academic, the tradesperson-in-residence — and the certification path each rides. — at 3–5",Identify the three staffing routes your state actually permits for trades instruction and match a real course to the one that fits.
Trades in the Classroom : Flipped & Gamified,The district compact: trades on the transcript,DC-28,6–8,Builder,District Trades Integrator,Finding the teachers,"Staffing the model — the CTE teacher, the crossover academic, the tradesperson-in-residence — and the certification path each rides. — at 6–8",Identify the three staffing routes your state actually permits for trades instruction and match a real course to the one that fits.
Trades in the Classroom : Flipped & Gamified,The district compact: trades on the transcript,DC-29,9–10,Practitioner,District Trades Integrator,Finding the teachers,"Staffing the model — the CTE teacher, the crossover academic, the tradesperson-in-residence — and the certification path each rides. — at 9–10",Identify the three staffing routes your state actually permits for trades instruction and match a real course to the one that fits.
Trades in the Classroom : Flipped & Gamified,The district compact: trades on the transcript,DC-30,11–12,Lead,District Trades Integrator,Finding the teachers,"Staffing the model — the CTE teacher, the crossover academic, the tradesperson-in-residence — and the certification path each rides. — at 11–12",Identify the three staffing routes your state actually permits for trades instruction and match a real course to the one that fits.
Trades in the Classroom : Flipped & Gamified,The district compact: trades on the transcript,DC-31,K–2,Explorer,District Trades Integrator,The district and the council sign,"The formal compact — district and regional labor council, mentor pipelines, hall visits, the annual review both sides attend. — at K–2",Draft the two-page district-council compact with the five commitments each side makes and the annual review clause.
Trades in the Classroom : Flipped & Gamified,The district compact: trades on the transcript,DC-32,3–5,Explorer,District Trades Integrator,The district and the council sign,"The formal compact — district and regional labor council, mentor pipelines, hall visits, the annual review both sides attend. — at 3–5",Draft the two-page district-council compact with the five commitments each side makes and the annual review clause.
Trades in the Classroom : Flipped & Gamified,The district compact: trades on the transcript,DC-33,6–8,Builder,District Trades Integrator,The district and the council sign,"The formal compact — district and regional labor council, mentor pipelines, hall visits, the annual review both sides attend. — at 6–8",Draft the two-page district-council compact with the five commitments each side makes and the annual review clause.
Trades in the Classroom : Flipped & Gamified,The district compact: trades on the transcript,DC-34,9–10,Practitioner,District Trades Integrator,The district and the council sign,"The formal compact — district and regional labor council, mentor pipelines, hall visits, the annual review both sides attend. — at 9–10",Draft the two-page district-council compact with the five commitments each side makes and the annual review clause.
Trades in the Classroom : Flipped & Gamified,The district compact: trades on the transcript,DC-35,11–12,Lead,District Trades Integrator,The district and the council sign,"The formal compact — district and regional labor council, mentor pipelines, hall visits, the annual review both sides attend. — at 11–12",Draft the two-page district-council compact with the five commitments each side makes and the annual review clause.
Trades in the Classroom : Flipped & Gamified,The district compact: trades on the transcript,DC-36,K–2,Explorer,District Trades Integrator,Equity is a roster question,"Who is in the room — recruiting the students the trades have historically missed, and reading the roster honestly each term. — at K–2","Compare a trades course roster (real or supplied) to the school's population shape, name the gap, and write the outreach step for next term."
Trades in the Classroom : Flipped & Gamified,The district compact: trades on the transcript,DC-37,3–5,Explorer,District Trades Integrator,Equity is a roster question,"Who is in the room — recruiting the students the trades have historically missed, and reading the roster honestly each term. — at 3–5","Compare a trades course roster (real or supplied) to the school's population shape, name the gap, and write the outreach step for next term."
Trades in the Classroom : Flipped & Gamified,The district compact: trades on the transcript,DC-38,6–8,Builder,District Trades Integrator,Equity is a roster question,"Who is in the room — recruiting the students the trades have historically missed, and reading the roster honestly each term. — at 6–8","Compare a trades course roster (real or supplied) to the school's population shape, name the gap, and write the outreach step for next term."
Trades in the Classroom : Flipped & Gamified,The district compact: trades on the transcript,DC-39,9–10,Practitioner,District Trades Integrator,Equity is a roster question,"Who is in the room — recruiting the students the trades have historically missed, and reading the roster honestly each term. — at 9–10","Compare a trades course roster (real or supplied) to the school's population shape, name the gap, and write the outreach step for next term."
Trades in the Classroom : Flipped & Gamified,The district compact: trades on the transcript,DC-40,11–12,Lead,District Trades Integrator,Equity is a roster question,"Who is in the room — recruiting the students the trades have historically missed, and reading the roster honestly each term. — at 11–12","Compare a trades course roster (real or supplied) to the school's population shape, name the gap, and write the outreach step for next term."
Trades in the Classroom : Flipped & Gamified,The district compact: trades on the transcript,DC-41,K–2,Explorer,District Trades Integrator,Measuring what matters,"The program's five honest numbers — enrolled, benched, checked, credentialed, placed-into-pathway — reported to the board unvarnished. — at K–2","Build the five-number report card for one term of a trades program and present it, bad number included, in a three-minute board brief."
Trades in the Classroom : Flipped & Gamified,The district compact: trades on the transcript,DC-42,3–5,Explorer,District Trades Integrator,Measuring what matters,"The program's five honest numbers — enrolled, benched, checked, credentialed, placed-into-pathway — reported to the board unvarnished. — at 3–5","Build the five-number report card for one term of a trades program and present it, bad number included, in a three-minute board brief."
Trades in the Classroom : Flipped & Gamified,The district compact: trades on the transcript,DC-43,6–8,Builder,District Trades Integrator,Measuring what matters,"The program's five honest numbers — enrolled, benched, checked, credentialed, placed-into-pathway — reported to the board unvarnished. — at 6–8","Build the five-number report card for one term of a trades program and present it, bad number included, in a three-minute board brief."
Trades in the Classroom : Flipped & Gamified,The district compact: trades on the transcript,DC-44,9–10,Practitioner,District Trades Integrator,Measuring what matters,"The program's five honest numbers — enrolled, benched, checked, credentialed, placed-into-pathway — reported to the board unvarnished. — at 9–10","Build the five-number report card for one term of a trades program and present it, bad number included, in a three-minute board brief."
Trades in the Classroom : Flipped & Gamified,The district compact: trades on the transcript,DC-45,11–12,Lead,District Trades Integrator,Measuring what matters,"The program's five honest numbers — enrolled, benched, checked, credentialed, placed-into-pathway — reported to the board unvarnished. — at 11–12","Build the five-number report card for one term of a trades program and present it, bad number included, in a three-minute board brief."
Trades in the Classroom : Flipped & Gamified,The district compact: trades on the transcript,DC-46,K–2,Explorer,District Trades Integrator,"From one school to the district, to the network","Scaling the compact — the second school copies the playbook, the district joins the regional network, the network trades lessons across coasts. — at K–2","Write the adoption memo that takes your pilot to a second named school, listing what transfers verbatim and what the new school must localize."
Trades in the Classroom : Flipped & Gamified,The district compact: trades on the transcript,DC-47,3–5,Explorer,District Trades Integrator,"From one school to the district, to the network","Scaling the compact — the second school copies the playbook, the district joins the regional network, the network trades lessons across coasts. — at 3–5","Write the adoption memo that takes your pilot to a second named school, listing what transfers verbatim and what the new school must localize."
Trades in the Classroom : Flipped & Gamified,The district compact: trades on the transcript,DC-48,6–8,Builder,District Trades Integrator,"From one school to the district, to the network","Scaling the compact — the second school copies the playbook, the district joins the regional network, the network trades lessons across coasts. — at 6–8","Write the adoption memo that takes your pilot to a second named school, listing what transfers verbatim and what the new school must localize."
Trades in the Classroom : Flipped & Gamified,The district compact: trades on the transcript,DC-49,9–10,Practitioner,District Trades Integrator,"From one school to the district, to the network","Scaling the compact — the second school copies the playbook, the district joins the regional network, the network trades lessons across coasts. — at 9–10","Write the adoption memo that takes your pilot to a second named school, listing what transfers verbatim and what the new school must localize."
Trades in the Classroom : Flipped & Gamified,The district compact: trades on the transcript,DC-50,11–12,Lead,District Trades Integrator,"From one school to the district, to the network","Scaling the compact — the second school copies the playbook, the district joins the regional network, the network trades lessons across coasts. — at 11–12","Write the adoption memo that takes your pilot to a second named school, listing what transfers verbatim and what the new school must localize."
